event_id,event_key,asset_id,asset_key,action,direction
evt_mem_evt_20220624_trade_chandler_2022_06_24_trade_a5f3307723,evt_20220624_trade_chandler,ast_mem_pick_2024_2_lal_b7728c1268,pick_2024_2_lal,relinquish,incoming
evt_mem_evt_20220624_trade_chandler_2022_06_24_trade_a5f3307723,evt_20220624_trade_chandler,ast_mem_player_kennedy_chandler_54b026578a,player_kennedy_chandler,acquire,outgoing
evt_mem_evt_20220624_trade_laravia_2022_06_24_trade_2172abbf6c,evt_20220624_trade_laravia,ast_mem_pick_2022_1_22_mem_4a1aee6810,pick_2022_1_22_mem,relinquish,incoming
evt_mem_evt_20220624_trade_laravia_2022_06_24_trade_2172abbf6c,evt_20220624_trade_laravia,ast_mem_pick_2022_1_29_mem_8250783ff8,pick_2022_1_29_mem,relinquish,incoming
evt_mem_evt_20220624_trade_laravia_2022_06_24_trade_2172abbf6c,evt_20220624_trade_laravia,ast_mem_pick_2023_2_in_from_min_utah_hou_9c554709ec,pick_2023_2_in_from_min_utah_hou,acquire,outgoing
evt_mem_evt_20220624_trade_laravia_2022_06_24_trade_2172abbf6c,evt_20220624_trade_laravia,ast_mem_pick_2023_2_min_c7e7be8179,pick_2023_2_min,relinquish,incoming
evt_mem_evt_20220624_trade_laravia_2022_06_24_trade_2172abbf6c,evt_20220624_trade_laravia,ast_mem_player_jake_laravia_7bb7c89164,player_jake_laravia,acquire,outgoing
evt_mem_evt_20220624_trade_melton_2022_06_24_trade_ca4de59eae,evt_20220624_trade_melton,ast_mem_player_danny_green_74d1c879e1,player_danny_green,acquire,outgoing
evt_mem_evt_20220624_trade_melton_2022_06_24_trade_ca4de59eae,evt_20220624_trade_melton,ast_mem_player_david_roddy_f66e9d4c45,player_david_roddy,acquire,outgoing
evt_mem_evt_20220624_trade_melton_2022_06_24_trade_ca4de59eae,evt_20220624_trade_melton,ast_mem_player_deanthony_melton_26e514f787,player_deanthony_melton,relinquish,incoming
evt_mem_evt_20220701_sign_laravia_2022_07_01_contrac_efe440ddbd,evt_20220701_sign_laravia,ast_mem_player_jake_laravia_7bb7c89164,player_jake_laravia,modify,outgoing
evt_mem_evt_20220701_sign_lofton_2022_07_01_contract_53352675bf,evt_20220701_sign_lofton,ast_mem_player_kenny_lofton_jr_6a5c74021a,player_kenny_lofton_jr,acquire,outgoing
evt_mem_evt_20220701_sign_roddy_2022_07_01_contract__aa2bd845e7,evt_20220701_sign_roddy,ast_mem_player_david_roddy_f66e9d4c45,player_david_roddy,modify,outgoing
evt_mem_evt_20220702_end_terry_two_way_2022_07_02_co_52f87d8d1a,evt_20220702_end_terry_two_way,ast_mem_player_tyrell_terry_5775e97e56,player_tyrell_terry,terminate,incoming
evt_mem_evt_20220702_sign_vince_two_way_2022_07_02_c_bb7429b4ec,evt_20220702_sign_vince_two_way,ast_mem_player_vince_williams_jr_904db7a1ac,player_vince_williams_jr,acquire,outgoing
evt_mem_evt_20220706_ext_morant_2022_07_06_extension_40a0fefa33,evt_20220706_ext_morant,ast_mem_player_ja_morant_cd090610e1,player_ja_morant,modify,outgoing
evt_mem_evt_20220706_re_sign_tyus_2022_07_06_re_sign_78ff4826eb,evt_20220706_re_sign_tyus,ast_mem_player_tyus_jones_d162fd9352,player_tyus_jones,modify,outgoing
evt_mem_evt_20220706_sign_chandler_2022_07_06_contra_b0cba524ca,evt_20220706_sign_chandler,ast_mem_player_kennedy_chandler_54b026578a,player_kennedy_chandler,modify,outgoing
evt_mem_evt_20220707_ext_konchar_2022_07_07_extensio_8af6a02fc9,evt_20220707_ext_konchar,ast_mem_player_john_konchar_bfb540fa8d,player_john_konchar,modify,outgoing
evt_mem_evt_20220923_sign_gilyard_2022_09_23_contrac_6e990792bd,evt_20220923_sign_gilyard,ast_mem_player_jacob_gilyard_26e10dd365,player_jacob_gilyard,acquire,outgoing
evt_mem_evt_20220923_sign_justin_bean_2022_09_23_con_f5a6070232,evt_20220923_sign_justin_bean,ast_mem_player_justin_bean_7ede504087,player_justin_bean,acquire,outgoing
evt_mem_evt_20221001_ext_adams_2022_10_01_extension_4205fa577f,evt_20221001_ext_adams,ast_mem_player_steven_adams_ab4485159b,player_steven_adams,modify,outgoing
evt_mem_evt_20221010_sign_hurt_2022_10_10_contract_s_dbac3b88e8,evt_20221010_sign_hurt,ast_mem_player_matthew_hurt_ef714b6be1,player_matthew_hurt,acquire,outgoing
evt_mem_evt_20221010_sign_mcdermott_2022_10_10_contr_5f4c8e092c,evt_20221010_sign_mcdermott,ast_mem_player_sean_mcdermott_768d2b8dc2,player_sean_mcdermott,acquire,outgoing
evt_mem_evt_20221010_waive_gilyard_2022_10_10_waiver_8d3ee58ccd,evt_20221010_waive_gilyard,ast_mem_player_jacob_gilyard_26e10dd365,player_jacob_gilyard,terminate,incoming
evt_mem_evt_20221010_waive_justin_bean_2022_10_10_wa_70d641cb5a,evt_20221010_waive_justin_bean,ast_mem_player_justin_bean_7ede504087,player_justin_bean,terminate,incoming
evt_mem_evt_20221013_sign_onu_2022_10_13_contract_si_9142e46a3c,evt_20221013_sign_onu,ast_mem_player_ej_onu_71dd912c8c,player_ej_onu,acquire,outgoing
evt_mem_evt_20221013_sign_weems_2022_10_13_contract__12eeb647b1,evt_20221013_sign_weems,ast_mem_player_romeo_weems_9091291fdd,player_romeo_weems,acquire,outgoing
evt_mem_evt_20221013_waive_hurt_2022_10_13_waiver_0d70307ef1,evt_20221013_waive_hurt,ast_mem_player_matthew_hurt_ef714b6be1,player_matthew_hurt,terminate,incoming
evt_mem_evt_20221013_waive_mcdermott_2022_10_13_waiv_e1ce0b896a,evt_20221013_waive_mcdermott,ast_mem_player_sean_mcdermott_768d2b8dc2,player_sean_mcdermott,terminate,incoming
evt_mem_evt_20221014_sign_mathias_2022_10_14_contrac_d71713d84c,evt_20221014_sign_mathias,ast_mem_player_dakota_mathias_9edc8c7ec5,player_dakota_mathias,acquire,outgoing
evt_mem_evt_20221014_waive_onu_2022_10_14_waiver_f54115a1cc,evt_20221014_waive_onu,ast_mem_player_ej_onu_71dd912c8c,player_ej_onu,terminate,incoming
evt_mem_evt_20221014_waive_weems_2022_10_14_waiver_c185664821,evt_20221014_waive_weems,ast_mem_player_romeo_weems_9091291fdd,player_romeo_weems,terminate,incoming
evt_mem_evt_20221015_waive_mathias_2022_10_15_waiver_60b0d783cc,evt_20221015_waive_mathias,ast_mem_player_dakota_mathias_9edc8c7ec5,player_dakota_mathias,terminate,incoming
evt_mem_evt_20221015_waive_tillie_2022_10_15_waiver_5332f329a1,evt_20221015_waive_tillie,ast_mem_player_killian_tillie_a016de8188,player_killian_tillie,terminate,incoming
evt_mem_evt_20221016_ext_clarke_2022_10_16_extension_5b69b38405,evt_20221016_ext_clarke,ast_mem_player_brandon_clarke_ba5a95433e,player_brandon_clarke,modify,outgoing
evt_mem_evt_20230209_trade_kennard_2023_02_09_trade_bc5e54ca9a,evt_20230209_trade_kennard,ast_mem_pick_2024_2_mem_more_favorable_b841afcf1c,pick_2024_2_mem_more_favorable,relinquish,incoming
evt_mem_evt_20230209_trade_kennard_2023_02_09_trade_bc5e54ca9a,evt_20230209_trade_kennard,ast_mem_pick_2024_2_tor_f5a41c1948,pick_2024_2_tor,relinquish,incoming
evt_mem_evt_20230209_trade_kennard_2023_02_09_trade_bc5e54ca9a,evt_20230209_trade_kennard,ast_mem_pick_2026_2_swap_rights_lac_19177cafc6,pick_2026_2_swap_rights_lac,acquire,outgoing
evt_mem_evt_20230209_trade_kennard_2023_02_09_trade_bc5e54ca9a,evt_20230209_trade_kennard,ast_mem_pick_2027_2_mem_7ab926c180,pick_2027_2_mem,relinquish,incoming
evt_mem_evt_20230209_trade_kennard_2023_02_09_trade_bc5e54ca9a,evt_20230209_trade_kennard,ast_mem_player_danny_green_74d1c879e1,player_danny_green,relinquish,incoming
evt_mem_evt_20230209_trade_kennard_2023_02_09_trade_bc5e54ca9a,evt_20230209_trade_kennard,ast_mem_player_luke_kennard_f14f5d273c,player_luke_kennard,acquire,outgoing
evt_mem_evt_20230408_conv_lofton_2023_04_08_conversi_9cf83680b7,evt_20230408_conv_lofton,ast_mem_player_kenny_lofton_jr_6a5c74021a,player_kenny_lofton_jr,modify,outgoing
evt_mem_evt_20230408_sign_gilyard_two_way_2023_04_08_4052eadb0a,evt_20230408_sign_gilyard_two_way,ast_mem_player_jacob_gilyard_26e10dd365,player_jacob_gilyard,acquire,outgoing
evt_mem_evt_20230408_waive_chandler_2023_04_08_waive_2b7f83e90a,evt_20230408_waive_chandler,ast_mem_player_kennedy_chandler_54b026578a,player_kennedy_chandler,terminate,incoming
evt_mem_evt_20230622_draft_gg_2023_06_22_draft_pick_397e2cb645,evt_20230622_draft_gg,ast_mem_pick_2023_2_mem_a93026b251,pick_2023_2_mem,relinquish,incoming
evt_mem_evt_20230622_draft_gg_2023_06_22_draft_pick_397e2cb645,evt_20230622_draft_gg,ast_mem_player_gg_jackson_c995d2aa42,player_gg_jackson,acquire,outgoing
evt_mem_evt_20230622_draft_tarik_2023_06_22_draft_pi_4bb9c1cf6a,evt_20230622_draft_tarik,ast_mem_pick_2023_2_mem_rights_56_4edb564b87,pick_2023_2_mem_rights_56,relinquish,incoming
evt_mem_evt_20230622_draft_tarik_2023_06_22_draft_pi_4bb9c1cf6a,evt_20230622_draft_tarik,ast_mem_player_tarik_biberovic_3e65e59094,player_tarik_biberovic,acquire,outgoing
evt_mem_evt_20230623_trade_smart_2023_06_23_trade_382f758ca0,evt_20230623_trade_smart,ast_mem_pick_2024_1_gsw_d16229c661,pick_2024_1_gsw,relinquish,incoming
evt_mem_evt_20230623_trade_smart_2023_06_23_trade_382f758ca0,evt_20230623_trade_smart,ast_mem_player_marcus_sasser_f6123c9955,player_marcus_sasser,relinquish,incoming
evt_mem_evt_20230623_trade_smart_2023_06_23_trade_382f758ca0,evt_20230623_trade_smart,ast_mem_player_marcus_smart_4cd4f4a40d,player_marcus_smart,acquire,outgoing
evt_mem_evt_20230623_trade_smart_2023_06_23_trade_382f758ca0,evt_20230623_trade_smart,ast_mem_player_tyus_jones_d162fd9352,player_tyus_jones,relinquish,incoming
evt_mem_evt_20230703_sign_rose_2023_07_03_contract_s_77eed0e88a,evt_20230703_sign_rose,ast_mem_player_derrick_rose_1d9e62cc5a,player_derrick_rose,acquire,outgoing
evt_mem_evt_20230708_ext_bane_2023_07_08_extension_efd6dd2826,evt_20230708_ext_bane,ast_mem_player_desmond_bane_7ab119c9e6,player_desmond_bane,modify,outgoing
evt_mem_evt_20230708_trade_brooks_2023_07_08_trade_16af7da464,evt_20230708_trade_brooks,ast_mem_player_dillon_brooks_bcedacdd64,player_dillon_brooks,relinquish,incoming
evt_mem_evt_20230708_trade_brooks_2023_07_08_trade_16af7da464,evt_20230708_trade_brooks,ast_mem_player_josh_christopher_b77e609687,player_josh_christopher,acquire,outgoing
evt_mem_evt_20230708_trade_brooks_2023_07_08_trade_16af7da464,evt_20230708_trade_brooks,ast_mem_player_vanja_marinkovic_ed09cb732a,player_vanja_marinkovic,acquire,outgoing
evt_mem_evt_20230711_trade_swap_phx_2023_07_11_trade_2983cec30d,evt_20230711_trade_swap_phx,ast_mem_pick_2024_1_swap_rights_phx_db14217fc6,pick_2024_1_swap_rights_phx,acquire,outgoing
evt_mem_evt_20230711_trade_swap_phx_2023_07_11_trade_2983cec30d,evt_20230711_trade_swap_phx,ast_mem_pick_2025_2_nop_in_00b86b7531,pick_2025_2_nop_in,relinquish,incoming
evt_mem_evt_20230711_trade_swap_phx_2023_07_11_trade_2983cec30d,evt_20230711_trade_swap_phx,ast_mem_pick_2028_2_mem_in_ebd389e5a6,pick_2028_2_mem_in,relinquish,incoming
evt_mem_evt_20230711_trade_swap_phx_2023_07_11_trade_2983cec30d,evt_20230711_trade_swap_phx,ast_mem_pick_2029_2_mem_in_b18fbd9758,pick_2029_2_mem_in,relinquish,incoming
evt_mem_evt_20230711_trade_swap_phx_2023_07_11_trade_2983cec30d,evt_20230711_trade_swap_phx,ast_mem_pick_2030_1_swap_rights_phx_815f1e4cb2,pick_2030_1_swap_rights_phx,acquire,outgoing
evt_mem_evt_20230711_trade_swap_phx_2023_07_11_trade_2983cec30d,evt_20230711_trade_swap_phx,ast_mem_player_isaiah_todd_d12e78b82e,player_isaiah_todd,acquire,outgoing
evt_mem_evt_20230831_sign_gg_two_way_2023_08_31_cont_4e60897729,evt_20230831_sign_gg_two_way,ast_mem_player_gg_jackson_c995d2aa42,player_gg_jackson,modify,outgoing
evt_mem_evt_20230831_sign_shaq_harrison_2023_08_31_c_51fa695db7,evt_20230831_sign_shaq_harrison,ast_mem_player_shaquille_harrison_70e3ee1de4,player_shaquille_harrison,acquire,outgoing
evt_mem_evt_20230930_sign_mychal_mulder_2023_09_30_c_c9fdb4d9d1,evt_20230930_sign_mychal_mulder,ast_mem_player_mychal_mulder_2a8b30e1bd,player_mychal_mulder,acquire,outgoing
evt_mem_evt_20230930_waive_christopher_2023_09_30_wa_277e27ab56,evt_20230930_waive_christopher,ast_mem_player_josh_christopher_b77e609687,player_josh_christopher,terminate,incoming
evt_mem_evt_20230930_waive_todd_2023_09_30_waiver_aef4974701,evt_20230930_waive_todd,ast_mem_player_isaiah_todd_d12e78b82e,player_isaiah_todd,terminate,incoming
evt_mem_evt_20231016_waive_matthew_hurt_2023_10_16_w_64ffd132cb,evt_20231016_waive_matthew_hurt,ast_mem_player_matthew_hurt_ef714b6be1,player_matthew_hurt,terminate,incoming
evt_mem_evt_20231016_waive_mychal_mulder_2023_10_16__d5ed685a29,evt_20231016_waive_mychal_mulder,ast_mem_player_mychal_mulder_2a8b30e1bd,player_mychal_mulder,terminate,incoming
evt_mem_evt_20231101_sign_biyombo_2023_11_01_contrac_ea934e1a06,evt_20231101_sign_biyombo,ast_mem_player_bismack_biyombo_6733e0f471,player_bismack_biyombo,acquire,outgoing
evt_mem_evt_20231124_sign_jaylen_nowell_2023_11_24_c_0de952bb1a,evt_20231124_sign_jaylen_nowell,ast_mem_player_jaylen_nowell_2046f880aa,player_jaylen_nowell,acquire,outgoing
evt_mem_evt_20231218_waive_lofton_2023_12_18_waiver_dda3dd4718,evt_20231218_waive_lofton,ast_mem_player_kenny_lofton_jr_6a5c74021a,player_kenny_lofton_jr,terminate,incoming
evt_mem_evt_20240110_conv_vince_2024_01_10_conversio_422b7149fc,evt_20240110_conv_vince,ast_mem_player_vince_williams_jr_904db7a1ac,player_vince_williams_jr,modify,outgoing
evt_mem_evt_20240110_waive_biyombo_2024_01_10_waiver_dfb7db7057,evt_20240110_waive_biyombo,ast_mem_player_bismack_biyombo_6733e0f471,player_bismack_biyombo,terminate,incoming
evt_mem_evt_20240116_sign_scotty_two_way_2024_01_16__c4d8a267d5,evt_20240116_sign_scotty_two_way,ast_mem_player_scotty_pippen_jr_6dee5c5db8,player_scotty_pippen_jr,acquire,outgoing
evt_mem_evt_20240129_sign_matthew_hurt_2024_01_29_co_520640d055,evt_20240129_sign_matthew_hurt,ast_mem_player_matthew_hurt_ef714b6be1,player_matthew_hurt,acquire,outgoing
evt_mem_evt_20240130_sign_tosan_evbuomwan_2024_01_30_ed3f493491,evt_20240130_sign_tosan_evbuomwan,ast_mem_player_tosan_evbuomwan_b5b85d8d1c,player_tosan_evbuomwan,acquire,outgoing
evt_mem_evt_20240130_sign_trey_jemison_2024_01_30_co_e71f70d7f5,evt_20240130_sign_trey_jemison,ast_mem_player_trey_jemison_3741b6bdcc,player_trey_jemison,acquire,outgoing
evt_mem_evt_20240201_trade_adams_2024_02_01_trade_96294bd6ef,evt_20240201_trade_adams,ast_mem_pick_2024_2_more_favorable_7a9de2aa33,pick_2024_2_more_favorable,acquire,outgoing
evt_mem_evt_20240201_trade_adams_2024_02_01_trade_96294bd6ef,evt_20240201_trade_adams,ast_mem_pick_2024_2_okc_6dc87e8084,pick_2024_2_okc,acquire,outgoing
evt_mem_evt_20240201_trade_adams_2024_02_01_trade_96294bd6ef,evt_20240201_trade_adams,ast_mem_pick_2025_2_hou_okc_more_favorable_12863dcf82,pick_2025_2_hou_okc_more_favorable,acquire,outgoing
evt_mem_evt_20240201_trade_adams_2024_02_01_trade_96294bd6ef,evt_20240201_trade_adams,ast_mem_player_steven_adams_ab4485159b,player_steven_adams,relinquish,incoming
evt_mem_evt_20240201_trade_adams_2024_02_01_trade_96294bd6ef,evt_20240201_trade_adams,ast_mem_player_victor_oladipo_558a3a1190,player_victor_oladipo,acquire,outgoing
evt_mem_evt_20240207_trade_tillman_2024_02_07_trade_939df12fd4,evt_20240207_trade_tillman,ast_mem_pick_2027_2_atl_in_4d674f63b9,pick_2027_2_atl_in,acquire,outgoing
evt_mem_evt_20240207_trade_tillman_2024_02_07_trade_939df12fd4,evt_20240207_trade_tillman,ast_mem_pick_2030_2_dal_in_e5ead89f5c,pick_2030_2_dal_in,acquire,outgoing
evt_mem_evt_20240207_trade_tillman_2024_02_07_trade_939df12fd4,evt_20240207_trade_tillman,ast_mem_player_lamar_stevens_f88b3642ae,player_lamar_stevens,acquire,outgoing
evt_mem_evt_20240207_trade_tillman_2024_02_07_trade_939df12fd4,evt_20240207_trade_tillman,ast_mem_player_xavier_tillman_062056db33,player_xavier_tillman,relinquish,incoming
evt_mem_evt_20240208_waive_oladipo_2024_02_08_waiver_488d2e7fa6,evt_20240208_waive_oladipo,ast_mem_player_victor_oladipo_558a3a1190,player_victor_oladipo,terminate,incoming
evt_mem_evt_20240209_conv_gg_2024_02_09_conversion_c3f2b10c89,evt_20240209_conv_gg,ast_mem_player_gg_jackson_c995d2aa42,player_gg_jackson,modify,outgoing
evt_mem_evt_20240209_sign_jemison_two_way_2024_02_09_91c77f2df8,evt_20240209_sign_jemison_two_way,ast_mem_player_trey_jemison_3741b6bdcc,player_trey_jemison,modify,outgoing
evt_mem_evt_20240209_sign_trey_jemison_update_2024_0_150a18e22f,evt_20240209_sign_trey_jemison_update,ast_mem_player_trey_jemison_3741b6bdcc,player_trey_jemison,modify,outgoing
evt_mem_evt_20240224_sign_goodwin_two_way_2024_02_24_72bf1b3644,evt_20240224_sign_goodwin_two_way,ast_mem_player_jacob_gilyard_26e10dd365,player_jacob_gilyard,terminate,incoming
evt_mem_evt_20240224_sign_goodwin_two_way_2024_02_24_72bf1b3644,evt_20240224_sign_goodwin_two_way,ast_mem_player_jordan_goodwin_082edf470d,player_jordan_goodwin,acquire,outgoing
evt_mem_evt_20240226_sign_matthew_hurt_2024_02_26_co_ceb1d7d934,evt_20240226_sign_matthew_hurt,ast_mem_player_matthew_hurt_ef714b6be1,player_matthew_hurt,modify,outgoing
evt_mem_evt_20240308_sign_wenyen_gabriel_2024_03_08__6473f1cba6,evt_20240308_sign_wenyen_gabriel,ast_mem_player_wenyen_gabriel_f105ab2923,player_wenyen_gabriel,acquire,outgoing
evt_mem_evt_20240310_sign_dejon_jarreau_2024_03_10_c_088166e60a,evt_20240310_sign_dejon_jarreau,ast_mem_player_dejon_jarreau_724485086d,player_dejon_jarreau,acquire,outgoing
evt_mem_evt_20240320_sign_dejon_jarreau_again_2024_0_16c4d2b542,evt_20240320_sign_dejon_jarreau_again,ast_mem_player_dejon_jarreau_724485086d,player_dejon_jarreau,modify,outgoing
evt_mem_evt_20240320_sign_maozinha_2024_03_20_contra_9b0860008c,evt_20240320_sign_maozinha,ast_mem_player_maozinha_pereira_179cc5f592,player_maozinha_pereira,acquire,outgoing
evt_mem_evt_20240330_sign_zavier_simpson_2024_03_30__c446ac980c,evt_20240330_sign_zavier_simpson,ast_mem_player_zavier_simpson_8b1c92b9b7,player_zavier_simpson,acquire,outgoing
evt_mem_evt_20240409_sign_jack_white_2024_04_09_cont_b45abe732b,evt_20240409_sign_jack_white,ast_mem_player_jack_white_54aef2934d,player_jack_white,acquire,outgoing
evt_mem_evt_20240409_sign_zavier_simpson_again_2024__a7cc2fbaac,evt_20240409_sign_zavier_simpson_again,ast_mem_player_zavier_simpson_8b1c92b9b7,player_zavier_simpson,modify,outgoing
evt_mem_evt_20240626_draft_edey_2024_06_26_draft_pic_5c4c0d649d,evt_20240626_draft_edey,ast_mem_pick_2024_1_mem_8adc419e28,pick_2024_1_mem,relinquish,incoming
evt_mem_evt_20240626_draft_edey_2024_06_26_draft_pic_5c4c0d649d,evt_20240626_draft_edey,ast_mem_player_zach_edey_eb47a26f7c,player_zach_edey,acquire,outgoing
evt_mem_evt_20240627_draft_chomche_2024_06_27_draft__fa686be565,evt_20240627_draft_chomche,ast_mem_pick_2024_2_mem_rights_57_fdc20cc680,pick_2024_2_mem_rights_57,relinquish,incoming
evt_mem_evt_20240627_draft_chomche_2024_06_27_draft__fa686be565,evt_20240627_draft_chomche,ast_mem_player_ulrich_chomche_d3e56efbd5,player_ulrich_chomche,acquire,outgoing
evt_mem_evt_20240627_draft_wells_2024_06_27_draft_pi_4ec19121bf,evt_20240627_draft_wells,ast_mem_pick_2024_2_mem_ab4554b495,pick_2024_2_mem,relinquish,incoming
evt_mem_evt_20240627_draft_wells_2024_06_27_draft_pi_4ec19121bf,evt_20240627_draft_wells,ast_mem_player_jaylen_wells_27e5e3ac1e,player_jaylen_wells,acquire,outgoing
evt_mem_evt_20240706_sign_jaylen_wells_2024_07_06_co_4f710b6071,evt_20240706_sign_jaylen_wells,ast_mem_player_jaylen_wells_27e5e3ac1e,player_jaylen_wells,modify,outgoing
evt_mem_evt_20240706_sign_zach_edey_2024_07_06_contr_2bc4a9afec,evt_20240706_sign_zach_edey,ast_mem_player_zach_edey_eb47a26f7c,player_zach_edey,modify,outgoing
evt_mem_evt_20240706_trade_cam_spencer_2024_07_06_tr_bdb3fc634d,evt_20240706_trade_cam_spencer,ast_mem_pick_2030_2_mem_conditional_d3231eaa45,pick_2030_2_mem_conditional,relinquish,incoming
evt_mem_evt_20240706_trade_cam_spencer_2024_07_06_tr_bdb3fc634d,evt_20240706_trade_cam_spencer,ast_mem_player_cam_spencer_4fabe1c483,player_cam_spencer,acquire,outgoing
evt_mem_evt_20240706_trade_cam_spencer_2024_07_06_tr_bdb3fc634d,evt_20240706_trade_cam_spencer,ast_mem_player_ulrich_chomche_d3e56efbd5,player_ulrich_chomche,relinquish,incoming
evt_mem_evt_20240708_sign_cam_two_way_2024_07_08_con_f778add05a,evt_20240708_sign_cam_two_way,ast_mem_player_cam_spencer_4fabe1c483,player_cam_spencer,modify,outgoing
evt_mem_evt_20240719_trade_ziaire_2024_07_19_trade_fa0304be75,evt_20240719_trade_ziaire,ast_mem_pick_2030_2_dal_in_e5ead89f5c,pick_2030_2_dal_in,relinquish,incoming
evt_mem_evt_20240719_trade_ziaire_2024_07_19_trade_fa0304be75,evt_20240719_trade_ziaire,ast_mem_player_mamadi_diakite_2ec14923f8,player_mamadi_diakite,acquire,outgoing
evt_mem_evt_20240719_trade_ziaire_2024_07_19_trade_fa0304be75,evt_20240719_trade_ziaire,ast_mem_player_nemanja_dangubic_10fb99253a,player_nemanja_dangubic,acquire,outgoing
evt_mem_evt_20240719_trade_ziaire_2024_07_19_trade_fa0304be75,evt_20240719_trade_ziaire,ast_mem_player_ziaire_williams_e48711763e,player_ziaire_williams,relinquish,incoming
evt_mem_evt_20240724_end_trey_jemison_two_way_2024_0_2f7544262f,evt_20240724_end_trey_jemison_two_way,ast_mem_player_trey_jemison_3741b6bdcc,player_trey_jemison,terminate,incoming
evt_mem_evt_20240724_sign_huff_two_way_2024_07_24_co_986fb34906,evt_20240724_sign_huff_two_way,ast_mem_player_james_huff_eabb3709ce,player_james_huff,acquire,outgoing
evt_mem_evt_20240731_re_sign_kennard_2024_07_31_re_s_b55ac63e3e,evt_20240731_re_sign_kennard,ast_mem_player_luke_kennard_f14f5d273c,player_luke_kennard,modify,outgoing
evt_mem_evt_20240827_waive_diakite_2024_08_27_waiver_a4feecc3bb,evt_20240827_waive_diakite,ast_mem_player_mamadi_diakite_2ec14923f8,player_mamadi_diakite,terminate,incoming
evt_mem_evt_20240906_sign_yuki_2024_09_06_contract_s_ce20f72604,evt_20240906_sign_yuki,ast_mem_player_yuki_kawamura_ccc927820b,player_yuki_kawamura,acquire,outgoing
evt_mem_evt_20240923_waive_rose_2024_09_23_waiver_0815a5ab85,evt_20240923_waive_rose,ast_mem_player_derrick_rose_1d9e62cc5a,player_derrick_rose,terminate,incoming
evt_mem_evt_20241015_conv_scotty_2024_10_15_conversi_cdf0356efc,evt_20241015_conv_scotty,ast_mem_player_scotty_pippen_jr_6dee5c5db8,player_scotty_pippen_jr,modify,outgoing
evt_mem_evt_20241019_conv_yuki_two_way_2024_10_19_co_9f01a9617b,evt_20241019_conv_yuki_two_way,ast_mem_player_yuki_kawamura_ccc927820b,player_yuki_kawamura,modify,outgoing
evt_mem_evt_20241028_conv_huff_2024_10_28_conversion_5e6e9c63fd,evt_20241028_conv_huff,ast_mem_player_james_huff_eabb3709ce,player_james_huff,modify,outgoing
evt_mem_evt_20241030_sign_castleton_two_way_2024_10__f294583cc6,evt_20241030_sign_castleton_two_way,ast_mem_player_colin_castleton_aa95520d04,player_colin_castleton,acquire,outgoing
evt_mem_evt_20250110_end_castleton_two_way_2025_01_1_37b78efdf3,evt_20250110_end_castleton_two_way,ast_mem_player_colin_castleton_aa95520d04,player_colin_castleton,terminate,incoming
evt_mem_evt_20250110_sign_zyon_two_way_2025_01_10_co_a1e58ac2b2,evt_20250110_sign_zyon_two_way,ast_mem_player_zyon_pullin_6a3c571ae9,player_zyon_pullin,acquire,outgoing
evt_mem_evt_20250206_trade_deadline_2025_02_06_trade_fe97bce1ad,evt_20250206_trade_deadline,ast_mem_pick_2025_1_mem_315ae36b9d,pick_2025_1_mem,relinquish,incoming
evt_mem_evt_20250206_trade_deadline_2025_02_06_trade_fe97bce1ad,evt_20250206_trade_deadline,ast_mem_pick_2025_2_was_in_8636c672eb,pick_2025_2_was_in,acquire,outgoing
evt_mem_evt_20250206_trade_deadline_2025_02_06_trade_fe97bce1ad,evt_20250206_trade_deadline,ast_mem_pick_2028_2_sac_in_a903c2550d,pick_2028_2_sac_in,acquire,outgoing
evt_mem_evt_20250206_trade_deadline_2025_02_06_trade_fe97bce1ad,evt_20250206_trade_deadline,ast_mem_player_jake_laravia_7bb7c89164,player_jake_laravia,relinquish,incoming
evt_mem_evt_20250206_trade_deadline_2025_02_06_trade_fe97bce1ad,evt_20250206_trade_deadline,ast_mem_player_johnny_davis_70aeb778a5,player_johnny_davis,acquire,outgoing
evt_mem_evt_20250206_trade_deadline_2025_02_06_trade_fe97bce1ad,evt_20250206_trade_deadline,ast_mem_player_marcus_smart_4cd4f4a40d,player_marcus_smart,relinquish,incoming
evt_mem_evt_20250206_trade_deadline_2025_02_06_trade_fe97bce1ad,evt_20250206_trade_deadline,ast_mem_player_marvin_bagley_iii_ddc0b6a3bc,player_marvin_bagley_iii,acquire,outgoing
evt_mem_evt_20250221_sign_lamar_2025_02_21_contract__a0de33fef7,evt_20250221_sign_lamar,ast_mem_player_lamar_stevens_f88b3642ae,player_lamar_stevens,acquire,outgoing
evt_mem_evt_20250221_waive_johnny_2025_02_21_waiver_72aa571ceb,evt_20250221_waive_johnny,ast_mem_player_johnny_davis_70aeb778a5,player_johnny_davis,terminate,incoming
evt_mem_evt_20250303_sign_lamar_again_2025_03_03_con_b3fb0bd5e8,evt_20250303_sign_lamar_again,ast_mem_player_lamar_stevens_f88b3642ae,player_lamar_stevens,modify,outgoing
evt_mem_evt_20250313_sign_lamar_rest_2025_03_13_cont_0f43f59e62,evt_20250313_sign_lamar_rest,ast_mem_player_lamar_stevens_f88b3642ae,player_lamar_stevens,modify,outgoing
evt_mem_evt_20250615_trade_bane_2025_06_15_trade_de9587a20e,evt_20250615_trade_bane,ast_mem_pick_2025_1_orl_in_6a6812e837,pick_2025_1_orl_in,acquire,outgoing
evt_mem_evt_20250615_trade_bane_2025_06_15_trade_de9587a20e,evt_20250615_trade_bane,ast_mem_pick_2026_1_swap_rights_mem_orl_72c2863d01,pick_2026_1_swap_rights_mem_orl,relinquish,incoming
evt_mem_evt_20250615_trade_bane_2025_06_15_trade_de9587a20e,evt_20250615_trade_bane,ast_mem_pick_2028_1_orl_in_f734e74c62,pick_2028_1_orl_in,acquire,outgoing
evt_mem_evt_20250615_trade_bane_2025_06_15_trade_de9587a20e,evt_20250615_trade_bane,ast_mem_pick_2029_1_swap_orl_in_2efc2086f1,pick_2029_1_swap_orl_in,acquire,outgoing
evt_mem_evt_20250615_trade_bane_2025_06_15_trade_de9587a20e,evt_20250615_trade_bane,ast_mem_pick_2030_1_orl_in_f3343b70fd,pick_2030_1_orl_in,acquire,outgoing
evt_mem_evt_20250615_trade_bane_2025_06_15_trade_de9587a20e,evt_20250615_trade_bane,ast_mem_player_cole_anthony_20e747f459,player_cole_anthony,acquire,outgoing
evt_mem_evt_20250615_trade_bane_2025_06_15_trade_de9587a20e,evt_20250615_trade_bane,ast_mem_player_desmond_bane_7ab119c9e6,player_desmond_bane,relinquish,incoming
evt_mem_evt_20250615_trade_bane_2025_06_15_trade_de9587a20e,evt_20250615_trade_bane,ast_mem_player_kentavious_caldwell_pope_314405064e,player_kentavious_caldwell_pope,acquire,outgoing
evt_mem_evt_20250625_trade_up_cedric_2025_06_25_trad_8d1c8e0f53,evt_20250625_trade_up_cedric,ast_mem_pick_2027_2_atl_in_4d674f63b9,pick_2027_2_atl_in,relinquish,incoming
evt_mem_evt_20250625_trade_up_cedric_2025_06_25_trad_8d1c8e0f53,evt_20250625_trade_up_cedric,ast_mem_pick_2028_1_orl_in_f734e74c62,pick_2028_1_orl_in,relinquish,incoming
evt_mem_evt_20250625_trade_up_cedric_2025_06_25_trad_8d1c8e0f53,evt_20250625_trade_up_cedric,ast_mem_pick_2028_2_sac_in_a903c2550d,pick_2028_2_sac_in,relinquish,incoming
evt_mem_evt_20250625_trade_up_cedric_2025_06_25_trad_8d1c8e0f53,evt_20250625_trade_up_cedric,ast_mem_player_cedric_coward_331614329d,player_cedric_coward,acquire,outgoing
evt_mem_evt_20250625_trade_up_cedric_2025_06_25_trad_8d1c8e0f53,evt_20250625_trade_up_cedric,ast_mem_player_yang_hansen_98f5eafe83,player_yang_hansen,relinquish,incoming
evt_mem_evt_20250626_draft_javon_small_2025_06_26_dr_4b013e5ff9,evt_20250626_draft_javon_small,ast_mem_pick_2025_2_mem_fbccdef9de,pick_2025_2_mem,relinquish,incoming
evt_mem_evt_20250626_draft_javon_small_2025_06_26_dr_4b013e5ff9,evt_20250626_draft_javon_small,ast_mem_player_javon_small_b9e41a2a17,player_javon_small,acquire,outgoing
evt_mem_evt_20250626_draft_will_richard_2025_06_26_d_a840549dd2,evt_20250626_draft_will_richard,ast_mem_pick_2025_2_mem_rights_56_5de8b783cd,pick_2025_2_mem_rights_56,relinquish,incoming
evt_mem_evt_20250626_draft_will_richard_2025_06_26_d_a840549dd2,evt_20250626_draft_will_richard,ast_mem_player_will_richard_39ba93f6b3,player_will_richard,acquire,outgoing
evt_mem_evt_20250706_trade_huff_2025_07_06_trade_f28376657d,evt_20250706_trade_huff,ast_mem_pick_2029_2_por_in_f2e80a9a21,pick_2029_2_por_in,acquire,outgoing
evt_mem_evt_20250706_trade_huff_2025_07_06_trade_f28376657d,evt_20250706_trade_huff,ast_mem_pick_2031_2_swap_rights_ind_2cfe6b2480,pick_2031_2_swap_rights_ind,acquire,outgoing
evt_mem_evt_20250706_trade_huff_2025_07_06_trade_f28376657d,evt_20250706_trade_huff,ast_mem_player_james_huff_eabb3709ce,player_james_huff,relinquish,incoming
evt_mem_evt_20250706_trade_will_for_jessup_2025_07_0_4805811c2b,evt_20250706_trade_will_for_jessup,ast_mem_pick_2032_2_gsw_in_782be6ba12,pick_2032_2_gsw_in,acquire,outgoing
evt_mem_evt_20250706_trade_will_for_jessup_2025_07_0_4805811c2b,evt_20250706_trade_will_for_jessup,ast_mem_player_jahmai_mashack_5e02abbc05,player_jahmai_mashack,acquire,outgoing
evt_mem_evt_20250706_trade_will_for_jessup_2025_07_0_4805811c2b,evt_20250706_trade_will_for_jessup,ast_mem_player_justinian_jessup_322797a5e5,player_justinian_jessup,acquire,outgoing
evt_mem_evt_20250706_trade_will_for_jessup_2025_07_0_4805811c2b,evt_20250706_trade_will_for_jessup,ast_mem_player_will_richard_39ba93f6b3,player_will_richard,relinquish,incoming
evt_mem_evt_20250707_sign_cedric_2025_07_07_contract_61b8010e40,evt_20250707_sign_cedric,ast_mem_player_cedric_coward_331614329d,player_cedric_coward,modify,outgoing
evt_mem_evt_20250710_sign_javon_two_way_2025_07_10_c_44b27a9bbf,evt_20250710_sign_javon_two_way,ast_mem_player_javon_small_b9e41a2a17,player_javon_small,modify,outgoing
evt_mem_evt_20250712_waive_cole_2025_07_12_waiver_5b14489da7,evt_20250712_waive_cole,ast_mem_player_cole_anthony_20e747f459,player_cole_anthony,terminate,incoming
evt_mem_evt_20250713_ext_jaren_2025_07_13_extension_31d284db85,evt_20250713_ext_jaren,ast_mem_player_jaren_jackson_jr_f365479aec,player_jaren_jackson_jr,modify,outgoing
evt_mem_evt_20250714_re_sign_cam_2025_07_14_re_signi_d7e85d402a,evt_20250714_re_sign_cam,ast_mem_player_cam_spencer_4fabe1c483,player_cam_spencer,modify,outgoing
evt_mem_evt_20250714_sign_ty_jerome_2025_07_14_contr_e6ea48ce03,evt_20250714_sign_ty_jerome,ast_mem_player_ty_jerome_3b3fe31166,player_ty_jerome,acquire,outgoing
evt_mem_evt_20250715_re_sign_santi_2025_07_15_re_sig_32c15973af,evt_20250715_re_sign_santi,ast_mem_player_santi_aldama_b3a21c91fd,player_santi_aldama,modify,outgoing
evt_mem_evt_20250715_sign_jock_2025_07_15_contract_s_d094d41916,evt_20250715_sign_jock,ast_mem_player_jock_landale_ba95761c58,player_jock_landale,acquire,outgoing
evt_mem_evt_20250720_end_zyon_2025_07_20_conversion_6130be02e1,evt_20250720_end_zyon,ast_mem_player_zyon_pullin_6a3c571ae9,player_zyon_pullin,terminate,incoming
evt_mem_evt_20250720_sign_pj_hall_two_way_2025_07_20_5637eda093,evt_20250720_sign_pj_hall_two_way,ast_mem_player_pj_hall_8b7ea04222,player_pj_hall,acquire,outgoing
evt_mem_evt_20250904_sign_olivier_two_way_2025_09_04_fa83146984,evt_20250904_sign_olivier_two_way,ast_mem_player_olivier_maxence_prosper_ca5a5d59d4,player_olivier_maxence_prosper,acquire,outgoing
evt_mem_evt_20250906_sign_lawson_lovering_2025_09_06_585a1f9949,evt_20250906_sign_lawson_lovering,ast_mem_player_lawson_lovering_e8456395dd,player_lawson_lovering,acquire,outgoing
evt_mem_evt_20250923_sign_braxton_key_2025_09_23_con_4f4944cc65,evt_20250923_sign_braxton_key,ast_mem_player_braxton_key_64945fb61e,player_braxton_key,acquire,outgoing
evt_mem_evt_20251018_waive_braxton_key_2025_10_18_wa_3f443d0bbe,evt_20251018_waive_braxton_key,ast_mem_player_braxton_key_64945fb61e,player_braxton_key,terminate,incoming
evt_mem_evt_20251018_waive_lawson_lovering_2025_10_1_c9e4959252,evt_20251018_waive_lawson_lovering,ast_mem_player_lawson_lovering_e8456395dd,player_lawson_lovering,terminate,incoming
evt_mem_evt_20251027_sign_bassey_2025_10_27_contract_226f74bedc,evt_20251027_sign_bassey,ast_mem_player_charles_bassey_17b4496b3d,player_charles_bassey,acquire,outgoing
evt_mem_evt_20251116_end_pj_hall_2025_11_16_conversi_06d3d87692,evt_20251116_end_pj_hall,ast_mem_player_pj_hall_8b7ea04222,player_pj_hall,terminate,incoming
evt_mem_evt_20251116_sign_jahmai_two_way_2025_11_16__5ce8f79304,evt_20251116_sign_jahmai_two_way,ast_mem_player_jahmai_mashack_5e02abbc05,player_jahmai_mashack,acquire,outgoing
evt_mem_evt_20251124_sign_bufkin_2025_11_24_contract_67b1f1c0ac,evt_20251124_sign_bufkin,ast_mem_player_kobe_bufkin_af8a3b5d9d,player_kobe_bufkin,acquire,outgoing
evt_mem_evt_20251222_sign_koloko_2025_12_22_contract_7e11d111e6,evt_20251222_sign_koloko,ast_mem_player_christian_koloko_6a531ce7d6,player_christian_koloko,acquire,outgoing
evt_mem_evt_20260102_sign_koloko_again_2026_01_02_co_a6bfa979f7,evt_20260102_sign_koloko_again,ast_mem_player_christian_koloko_6a531ce7d6,player_christian_koloko,modify,outgoing
evt_mem_evt_20260203_trade_jjj_2026_02_03_trade_db62e31a6e,evt_20260203_trade_jjj,ast_mem_pick_2027_1_lal_conditional_in_281f2f39fe,pick_2027_1_lal_conditional_in,acquire,outgoing
evt_mem_evt_20260203_trade_jjj_2026_02_03_trade_db62e31a6e,evt_20260203_trade_jjj,ast_mem_pick_2027_1_more_favorable_phx_phi_4edfecb031,pick_2027_1_more_favorable_phx_phi,acquire,outgoing
evt_mem_evt_20260203_trade_jjj_2026_02_03_trade_db62e31a6e,evt_20260203_trade_jjj,ast_mem_pick_2031_1_phx_in_e8b655bfbe,pick_2031_1_phx_in,acquire,outgoing
evt_mem_evt_20260203_trade_jjj_2026_02_03_trade_db62e31a6e,evt_20260203_trade_jjj,ast_mem_player_georges_niang_4a28ce7943,player_georges_niang,acquire,outgoing
evt_mem_evt_20260203_trade_jjj_2026_02_03_trade_db62e31a6e,evt_20260203_trade_jjj,ast_mem_player_jaren_jackson_jr_f365479aec,player_jaren_jackson_jr,relinquish,incoming
evt_mem_evt_20260203_trade_jjj_2026_02_03_trade_db62e31a6e,evt_20260203_trade_jjj,ast_mem_player_jock_landale_ba95761c58,player_jock_landale,relinquish,incoming
evt_mem_evt_20260203_trade_jjj_2026_02_03_trade_db62e31a6e,evt_20260203_trade_jjj,ast_mem_player_john_konchar_bfb540fa8d,player_john_konchar,relinquish,incoming
evt_mem_evt_20260203_trade_jjj_2026_02_03_trade_db62e31a6e,evt_20260203_trade_jjj,ast_mem_player_kyle_anderson_e23b5ad23c,player_kyle_anderson,acquire,outgoing
evt_mem_evt_20260203_trade_jjj_2026_02_03_trade_db62e31a6e,evt_20260203_trade_jjj,ast_mem_player_taylor_hendricks_c280d427db,player_taylor_hendricks,acquire,outgoing
evt_mem_evt_20260203_trade_jjj_2026_02_03_trade_db62e31a6e,evt_20260203_trade_jjj,ast_mem_player_vince_williams_jr_904db7a1ac,player_vince_williams_jr,relinquish,incoming
evt_mem_evt_20260203_trade_jjj_2026_02_03_trade_db62e31a6e,evt_20260203_trade_jjj,ast_mem_player_walter_clayton_jr_ee10508d71,player_walter_clayton_jr,acquire,outgoing
evt_mem_evt_20260205_trade_jessup_2026_02_05_trade_d6d170dd00,evt_20260205_trade_jessup,ast_mem_pick_2032_2_swap_rights_phi_fb7e699400,pick_2032_2_swap_rights_phi,acquire,outgoing
evt_mem_evt_20260205_trade_jessup_2026_02_05_trade_d6d170dd00,evt_20260205_trade_jessup,ast_mem_player_eric_gordon_d04d30c738,player_eric_gordon,acquire,outgoing
evt_mem_evt_20260205_trade_jessup_2026_02_05_trade_d6d170dd00,evt_20260205_trade_jessup,ast_mem_player_justinian_jessup_322797a5e5,player_justinian_jessup,relinquish,incoming
evt_mem_evt_20260205_waive_niang_2026_02_05_waiver_a8cd4e8d6f,evt_20260205_waive_niang,ast_mem_player_georges_niang_4a28ce7943,player_georges_niang,terminate,incoming
evt_mem_evt_20260206_waive_gordon_2026_02_06_waiver_12d56f9905,evt_20260206_waive_gordon,ast_mem_player_eric_gordon_d04d30c738,player_eric_gordon,terminate,incoming
evt_mem_evt_20260209_sign_lawson_lovering_2026_02_09_d64b0cf22d,evt_20260209_sign_lawson_lovering,ast_mem_player_lawson_lovering_e8456395dd,player_lawson_lovering,acquire,outgoing
evt_mem_evt_20260222_sign_rayan_rupert_2026_02_22_co_fec0b73378,evt_20260222_sign_rayan_rupert,ast_mem_player_rayan_rupert_b6fd5979b8,player_rayan_rupert,acquire,outgoing
