event_id,event_key,event_date,event_type,event_label,description,source_id,source_name,source_url
evt_mem_evt_20220624_trade_chandler_2022_06_24_trade_a5f3307723,evt_20220624_trade_chandler,2022-06-24,trade,Draft-night Trade: Kennedy Chandler rights,Memphis traded a 2024 LAL second-round pick to San Antonio for draft rights to Kennedy Chandler.,src_bref_mem_2023_txn,Basketball-Reference Memphis 2022-23 Transactions,https://www.basketball-reference.com/teams/MEM/2023_transactions.html
evt_mem_evt_20220624_trade_laravia_2022_06_24_trade_2172abbf6c,evt_20220624_trade_laravia,2022-06-24,trade,Draft-night Trade: Jake LaRavia rights,"Memphis traded picks #22, #29, and MIN 2023 second to Minnesota for draft rights to Jake LaRavia and a 2023 second-round pick path.",src_bref_mem_2023_txn,Basketball-Reference Memphis 2022-23 Transactions,https://www.basketball-reference.com/teams/MEM/2023_transactions.html
evt_mem_evt_20220624_trade_melton_2022_06_24_trade_ca4de59eae,evt_20220624_trade_melton,2022-06-24,trade,Trade: De'Anthony Melton to PHI,Memphis traded De'Anthony Melton to Philadelphia for Danny Green and draft rights to David Roddy.,src_bref_mem_2023_txn,Basketball-Reference Memphis 2022-23 Transactions,https://www.basketball-reference.com/teams/MEM/2023_transactions.html
evt_mem_evt_20220701_sign_laravia_2022_07_01_contrac_efe440ddbd,evt_20220701_sign_laravia,2022-07-01,contract_signing,Signing: Jake LaRavia,Memphis signed Jake LaRavia to a rookie contract.,src_realgm_txn_2023,RealGM Memphis Transaction History 2023,https://basketball.realgm.com/nba/teams/Memphis-Grizzlies/15/Transaction-History/2023
evt_mem_evt_20220701_sign_lofton_2022_07_01_contract_53352675bf,evt_20220701_sign_lofton,2022-07-01,contract_signing,Two-way Signing: Kenny Lofton Jr.,Memphis signed Kenneth Lofton Jr. to a two-way deal.,src_realgm_txn_2023,RealGM Memphis Transaction History 2023,https://basketball.realgm.com/nba/teams/Memphis-Grizzlies/15/Transaction-History/2023
evt_mem_evt_20220701_sign_roddy_2022_07_01_contract__aa2bd845e7,evt_20220701_sign_roddy,2022-07-01,contract_signing,Signing: David Roddy,Memphis signed David Roddy to a rookie contract.,src_realgm_txn_2023,RealGM Memphis Transaction History 2023,https://basketball.realgm.com/nba/teams/Memphis-Grizzlies/15/Transaction-History/2023
evt_mem_evt_20220702_end_terry_two_way_2022_07_02_co_52f87d8d1a,evt_20220702_end_terry_two_way,2022-07-02,conversion,Conversion: Ended Tyrell Terry two-way,Memphis ended Tyrell Terry's two-way contract.,src_realgm_txn_2023,RealGM Memphis Transaction History 2023,https://basketball.realgm.com/nba/teams/Memphis-Grizzlies/15/Transaction-History/2023
evt_mem_evt_20220702_sign_vince_two_way_2022_07_02_c_bb7429b4ec,evt_20220702_sign_vince_two_way,2022-07-02,contract_signing,Two-way Signing: Vince Williams Jr.,Memphis signed Vince Williams Jr. to a two-way contract.,src_realgm_txn_2023,RealGM Memphis Transaction History 2023,https://basketball.realgm.com/nba/teams/Memphis-Grizzlies/15/Transaction-History/2023
evt_mem_evt_20220706_ext_morant_2022_07_06_extension_40a0fefa33,evt_20220706_ext_morant,2022-07-06,extension,Extension: Ja Morant,Memphis signed Ja Morant to a rookie scale extension.,src_realgm_txn_2023,RealGM Memphis Transaction History 2023,https://basketball.realgm.com/nba/teams/Memphis-Grizzlies/15/Transaction-History/2023
evt_mem_evt_20220706_re_sign_tyus_2022_07_06_re_sign_78ff4826eb,evt_20220706_re_sign_tyus,2022-07-06,re_signing,Re-signing: Tyus Jones,Memphis re-signed Tyus Jones.,src_realgm_txn_2023,RealGM Memphis Transaction History 2023,https://basketball.realgm.com/nba/teams/Memphis-Grizzlies/15/Transaction-History/2023
evt_mem_evt_20220706_sign_chandler_2022_07_06_contra_b0cba524ca,evt_20220706_sign_chandler,2022-07-06,contract_signing,Signing: Kennedy Chandler,Memphis signed Kennedy Chandler to a rookie contract.,src_realgm_txn_2023,RealGM Memphis Transaction History 2023,https://basketball.realgm.com/nba/teams/Memphis-Grizzlies/15/Transaction-History/2023
evt_mem_evt_20220707_ext_konchar_2022_07_07_extensio_8af6a02fc9,evt_20220707_ext_konchar,2022-07-07,extension,Extension: John Konchar,Memphis signed John Konchar to a multi-year extension.,src_realgm_txn_2023,RealGM Memphis Transaction History 2023,https://basketball.realgm.com/nba/teams/Memphis-Grizzlies/15/Transaction-History/2023
evt_mem_evt_20220923_sign_gilyard_2022_09_23_contrac_6e990792bd,evt_20220923_sign_gilyard,2022-09-23,contract_signing,Two-way Signing: Jacob Gilyard,Memphis signed Jacob Gilyard to a two-way contract.,src_realgm_txn_2023,RealGM Memphis Transaction History 2023,https://basketball.realgm.com/nba/teams/Memphis-Grizzlies/15/Transaction-History/2023
evt_mem_evt_20220923_sign_justin_bean_2022_09_23_con_f5a6070232,evt_20220923_sign_justin_bean,2022-09-23,contract_signing,Signing: Justin Bean,Memphis signed Justin Bean.,src_realgm_txn_2023,RealGM Memphis Transaction History 2023,https://basketball.realgm.com/nba/teams/Memphis-Grizzlies/15/Transaction-History/2023
evt_mem_evt_20221001_ext_adams_2022_10_01_extension_4205fa577f,evt_20221001_ext_adams,2022-10-01,extension,Extension: Steven Adams,Memphis signed Steven Adams to a veteran extension.,src_realgm_txn_2023,RealGM Memphis Transaction History 2023,https://basketball.realgm.com/nba/teams/Memphis-Grizzlies/15/Transaction-History/2023
evt_mem_evt_20221010_sign_hurt_2022_10_10_contract_s_dbac3b88e8,evt_20221010_sign_hurt,2022-10-10,contract_signing,Signing: Matthew Hurt,Memphis signed Matthew Hurt.,src_realgm_txn_2023,RealGM Memphis Transaction History 2023,https://basketball.realgm.com/nba/teams/Memphis-Grizzlies/15/Transaction-History/2023
evt_mem_evt_20221010_sign_mcdermott_2022_10_10_contr_5f4c8e092c,evt_20221010_sign_mcdermott,2022-10-10,contract_signing,Signing: Sean McDermott,Memphis signed Sean McDermott.,src_realgm_txn_2023,RealGM Memphis Transaction History 2023,https://basketball.realgm.com/nba/teams/Memphis-Grizzlies/15/Transaction-History/2023
evt_mem_evt_20221010_waive_gilyard_2022_10_10_waiver_8d3ee58ccd,evt_20221010_waive_gilyard,2022-10-10,waiver,Waiver: Jacob Gilyard,Memphis waived Jacob Gilyard.,src_realgm_txn_2023,RealGM Memphis Transaction History 2023,https://basketball.realgm.com/nba/teams/Memphis-Grizzlies/15/Transaction-History/2023
evt_mem_evt_20221010_waive_justin_bean_2022_10_10_wa_70d641cb5a,evt_20221010_waive_justin_bean,2022-10-10,waiver,Waiver: Justin Bean,Memphis waived Justin Bean.,src_realgm_txn_2023,RealGM Memphis Transaction History 2023,https://basketball.realgm.com/nba/teams/Memphis-Grizzlies/15/Transaction-History/2023
evt_mem_evt_20221013_sign_onu_2022_10_13_contract_si_9142e46a3c,evt_20221013_sign_onu,2022-10-13,contract_signing,Signing: EJ Onu,Memphis signed EJ Onu.,src_realgm_txn_2023,RealGM Memphis Transaction History 2023,https://basketball.realgm.com/nba/teams/Memphis-Grizzlies/15/Transaction-History/2023
evt_mem_evt_20221013_sign_weems_2022_10_13_contract__12eeb647b1,evt_20221013_sign_weems,2022-10-13,contract_signing,Signing: Romeo Weems,Memphis signed Romeo Weems.,src_realgm_txn_2023,RealGM Memphis Transaction History 2023,https://basketball.realgm.com/nba/teams/Memphis-Grizzlies/15/Transaction-History/2023
evt_mem_evt_20221013_waive_hurt_2022_10_13_waiver_0d70307ef1,evt_20221013_waive_hurt,2022-10-13,waiver,Waiver: Matthew Hurt,Memphis waived Matthew Hurt.,src_realgm_txn_2023,RealGM Memphis Transaction History 2023,https://basketball.realgm.com/nba/teams/Memphis-Grizzlies/15/Transaction-History/2023
evt_mem_evt_20221013_waive_mcdermott_2022_10_13_waiv_e1ce0b896a,evt_20221013_waive_mcdermott,2022-10-13,waiver,Waiver: Sean McDermott,Memphis waived Sean McDermott.,src_realgm_txn_2023,RealGM Memphis Transaction History 2023,https://basketball.realgm.com/nba/teams/Memphis-Grizzlies/15/Transaction-History/2023
evt_mem_evt_20221014_sign_mathias_2022_10_14_contrac_d71713d84c,evt_20221014_sign_mathias,2022-10-14,contract_signing,Signing: Dakota Mathias,Memphis signed Dakota Mathias.,src_realgm_txn_2023,RealGM Memphis Transaction History 2023,https://basketball.realgm.com/nba/teams/Memphis-Grizzlies/15/Transaction-History/2023
evt_mem_evt_20221014_waive_onu_2022_10_14_waiver_f54115a1cc,evt_20221014_waive_onu,2022-10-14,waiver,Waiver: EJ Onu,Memphis waived EJ Onu.,src_realgm_txn_2023,RealGM Memphis Transaction History 2023,https://basketball.realgm.com/nba/teams/Memphis-Grizzlies/15/Transaction-History/2023
evt_mem_evt_20221014_waive_weems_2022_10_14_waiver_c185664821,evt_20221014_waive_weems,2022-10-14,waiver,Waiver: Romeo Weems,Memphis waived Romeo Weems.,src_realgm_txn_2023,RealGM Memphis Transaction History 2023,https://basketball.realgm.com/nba/teams/Memphis-Grizzlies/15/Transaction-History/2023
evt_mem_evt_20221015_waive_mathias_2022_10_15_waiver_60b0d783cc,evt_20221015_waive_mathias,2022-10-15,waiver,Waiver: Dakota Mathias,Memphis waived Dakota Mathias.,src_realgm_txn_2023,RealGM Memphis Transaction History 2023,https://basketball.realgm.com/nba/teams/Memphis-Grizzlies/15/Transaction-History/2023
evt_mem_evt_20221015_waive_tillie_2022_10_15_waiver_5332f329a1,evt_20221015_waive_tillie,2022-10-15,waiver,Waiver: Killian Tillie,Memphis waived Killian Tillie.,src_realgm_txn_2023,RealGM Memphis Transaction History 2023,https://basketball.realgm.com/nba/teams/Memphis-Grizzlies/15/Transaction-History/2023
evt_mem_evt_20221016_ext_clarke_2022_10_16_extension_5b69b38405,evt_20221016_ext_clarke,2022-10-16,extension,Extension: Brandon Clarke,Memphis signed Brandon Clarke to an extension.,src_realgm_txn_2023,RealGM Memphis Transaction History 2023,https://basketball.realgm.com/nba/teams/Memphis-Grizzlies/15/Transaction-History/2023
evt_mem_evt_20230209_trade_kennard_2023_02_09_trade_bc5e54ca9a,evt_20230209_trade_kennard,2023-02-09,trade,Trade: Acquired Luke Kennard,"As part of a 3-team trade, Memphis sent Danny Green and three second-round assets and acquired Luke Kennard plus 2026 second-round swap rights.",src_bref_mem_2023_txn,Basketball-Reference Memphis 2022-23 Transactions,https://www.basketball-reference.com/teams/MEM/2023_transactions.html
evt_mem_evt_20230408_conv_lofton_2023_04_08_conversi_9cf83680b7,evt_20230408_conv_lofton,2023-04-08,conversion,Conversion: Kenny Lofton Jr. to standard contract,Memphis ended Lofton two-way and signed him to a standard contract.,src_realgm_txn_2023,RealGM Memphis Transaction History 2023,https://basketball.realgm.com/nba/teams/Memphis-Grizzlies/15/Transaction-History/2023
evt_mem_evt_20230408_sign_gilyard_two_way_2023_04_08_4052eadb0a,evt_20230408_sign_gilyard_two_way,2023-04-08,contract_signing,Two-way Signing: Jacob Gilyard,Memphis signed Jacob Gilyard to a two-way contract.,src_realgm_txn_2023,RealGM Memphis Transaction History 2023,https://basketball.realgm.com/nba/teams/Memphis-Grizzlies/15/Transaction-History/2023
evt_mem_evt_20230408_waive_chandler_2023_04_08_waive_2b7f83e90a,evt_20230408_waive_chandler,2023-04-08,waiver,Waiver: Kennedy Chandler,Memphis waived Kennedy Chandler.,src_realgm_txn_2023,RealGM Memphis Transaction History 2023,https://basketball.realgm.com/nba/teams/Memphis-Grizzlies/15/Transaction-History/2023
evt_mem_evt_20230622_draft_gg_2023_06_22_draft_pick_397e2cb645,evt_20230622_draft_gg,2023-06-22,draft_pick,Draft Pick: GG Jackson (45),Memphis selected GG Jackson at #45.,src_realgm_txn_2023,RealGM Memphis Transaction History 2023,https://basketball.realgm.com/nba/teams/Memphis-Grizzlies/15/Transaction-History/2023
evt_mem_evt_20230622_draft_tarik_2023_06_22_draft_pi_4bb9c1cf6a,evt_20230622_draft_tarik,2023-06-22,draft_pick,Draft Pick: Tarik Biberovic (56 rights),Memphis selected Tarik Biberovic at #56 (rights).,src_realgm_txn_2023,RealGM Memphis Transaction History 2023,https://basketball.realgm.com/nba/teams/Memphis-Grizzlies/15/Transaction-History/2023
evt_mem_evt_20230623_trade_smart_2023_06_23_trade_382f758ca0,evt_20230623_trade_smart,2023-06-23,trade,Trade: Acquired Marcus Smart,"Memphis traded Tyus Jones, rights to Marcus Sasser, and a 2024 first-round pick (via GSW) for Marcus Smart.",src_bref_mem_2024_txn,Basketball-Reference Memphis 2023-24 Transactions,https://www.basketball-reference.com/teams/MEM/2024_transactions.html
evt_mem_evt_20230703_sign_rose_2023_07_03_contract_s_77eed0e88a,evt_20230703_sign_rose,2023-07-03,contract_signing,Signing: Derrick Rose,Memphis signed Derrick Rose.,src_realgm_txn_2024,RealGM Memphis Transaction History 2024,https://basketball.realgm.com/nba/teams/Memphis-Grizzlies/15/Transaction-History/2024
evt_mem_evt_20230708_ext_bane_2023_07_08_extension_efd6dd2826,evt_20230708_ext_bane,2023-07-08,extension,Extension: Desmond Bane,Memphis signed Desmond Bane to a rookie scale extension.,src_realgm_txn_2024,RealGM Memphis Transaction History 2024,https://basketball.realgm.com/nba/teams/Memphis-Grizzlies/15/Transaction-History/2024
evt_mem_evt_20230708_trade_brooks_2023_07_08_trade_16af7da464,evt_20230708_trade_brooks,2023-07-08,trade,Five-team Trade: Dillon Brooks outgoing,"In a five-team trade, Memphis sent Dillon Brooks and acquired Josh Christopher and draft rights to Vanja Marinkovic.",src_bref_mem_2024_txn,Basketball-Reference Memphis 2023-24 Transactions,https://www.basketball-reference.com/teams/MEM/2024_transactions.html
evt_mem_evt_20230711_trade_swap_phx_2023_07_11_trade_2983cec30d,evt_20230711_trade_swap_phx,2023-07-11,trade,Trade: Isaiah Todd + first-round swap rights,"Memphis traded 2025, 2028, and 2029 second-round picks to Phoenix for Isaiah Todd and first-round swap rights in 2024 and 2030.",src_bref_mem_2024_txn,Basketball-Reference Memphis 2023-24 Transactions,https://www.basketball-reference.com/teams/MEM/2024_transactions.html
evt_mem_evt_20230831_sign_gg_two_way_2023_08_31_cont_4e60897729,evt_20230831_sign_gg_two_way,2023-08-31,contract_signing,Two-way Signing: GG Jackson,Memphis signed GG Jackson to a two-way deal.,src_realgm_txn_2024,RealGM Memphis Transaction History 2024,https://basketball.realgm.com/nba/teams/Memphis-Grizzlies/15/Transaction-History/2024
evt_mem_evt_20230831_sign_shaq_harrison_2023_08_31_c_51fa695db7,evt_20230831_sign_shaq_harrison,2023-08-31,contract_signing,Signing: Shaquille Harrison,Memphis signed Shaquille Harrison.,src_realgm_txn_2024,RealGM Memphis Transaction History 2024,https://basketball.realgm.com/nba/teams/Memphis-Grizzlies/15/Transaction-History/2024
evt_mem_evt_20230930_sign_mychal_mulder_2023_09_30_c_c9fdb4d9d1,evt_20230930_sign_mychal_mulder,2023-09-30,contract_signing,Signing: Mychal Mulder,Memphis signed Mychal Mulder.,src_realgm_txn_2024,RealGM Memphis Transaction History 2024,https://basketball.realgm.com/nba/teams/Memphis-Grizzlies/15/Transaction-History/2024
evt_mem_evt_20230930_waive_christopher_2023_09_30_wa_277e27ab56,evt_20230930_waive_christopher,2023-09-30,waiver,Waiver: Josh Christopher,Memphis waived Josh Christopher.,src_realgm_txn_2024,RealGM Memphis Transaction History 2024,https://basketball.realgm.com/nba/teams/Memphis-Grizzlies/15/Transaction-History/2024
evt_mem_evt_20230930_waive_todd_2023_09_30_waiver_aef4974701,evt_20230930_waive_todd,2023-09-30,waiver,Waiver: Isaiah Todd,Memphis waived Isaiah Todd.,src_realgm_txn_2024,RealGM Memphis Transaction History 2024,https://basketball.realgm.com/nba/teams/Memphis-Grizzlies/15/Transaction-History/2024
evt_mem_evt_20231016_waive_matthew_hurt_2023_10_16_w_64ffd132cb,evt_20231016_waive_matthew_hurt,2023-10-16,waiver,Waiver: Matthew Hurt,Memphis waived Matthew Hurt.,src_realgm_txn_2024,RealGM Memphis Transaction History 2024,https://basketball.realgm.com/nba/teams/Memphis-Grizzlies/15/Transaction-History/2024
evt_mem_evt_20231016_waive_mychal_mulder_2023_10_16__d5ed685a29,evt_20231016_waive_mychal_mulder,2023-10-16,waiver,Waiver: Mychal Mulder,Memphis waived Mychal Mulder.,src_realgm_txn_2024,RealGM Memphis Transaction History 2024,https://basketball.realgm.com/nba/teams/Memphis-Grizzlies/15/Transaction-History/2024
evt_mem_evt_20231101_sign_biyombo_2023_11_01_contrac_ea934e1a06,evt_20231101_sign_biyombo,2023-11-01,contract_signing,Signing: Bismack Biyombo,Memphis signed Bismack Biyombo.,src_realgm_txn_2024,RealGM Memphis Transaction History 2024,https://basketball.realgm.com/nba/teams/Memphis-Grizzlies/15/Transaction-History/2024
evt_mem_evt_20231124_sign_jaylen_nowell_2023_11_24_c_0de952bb1a,evt_20231124_sign_jaylen_nowell,2023-11-24,contract_signing,Signing: Jaylen Nowell,Memphis signed Jaylen Nowell.,src_realgm_txn_2024,RealGM Memphis Transaction History 2024,https://basketball.realgm.com/nba/teams/Memphis-Grizzlies/15/Transaction-History/2024
evt_mem_evt_20231218_waive_lofton_2023_12_18_waiver_dda3dd4718,evt_20231218_waive_lofton,2023-12-18,waiver,Waiver: Kenny Lofton Jr.,Memphis waived Kenny Lofton Jr.,src_realgm_txn_2024,RealGM Memphis Transaction History 2024,https://basketball.realgm.com/nba/teams/Memphis-Grizzlies/15/Transaction-History/2024
evt_mem_evt_20240110_conv_vince_2024_01_10_conversio_422b7149fc,evt_20240110_conv_vince,2024-01-10,conversion,Conversion: Vince Williams Jr. to standard contract,Memphis converted Vince Williams Jr. from two-way to standard contract.,src_realgm_txn_2024,RealGM Memphis Transaction History 2024,https://basketball.realgm.com/nba/teams/Memphis-Grizzlies/15/Transaction-History/2024
evt_mem_evt_20240110_waive_biyombo_2024_01_10_waiver_dfb7db7057,evt_20240110_waive_biyombo,2024-01-10,waiver,Waiver: Bismack Biyombo,Memphis waived Bismack Biyombo.,src_realgm_txn_2024,RealGM Memphis Transaction History 2024,https://basketball.realgm.com/nba/teams/Memphis-Grizzlies/15/Transaction-History/2024
evt_mem_evt_20240116_sign_scotty_two_way_2024_01_16__c4d8a267d5,evt_20240116_sign_scotty_two_way,2024-01-16,contract_signing,Two-way Signing: Scotty Pippen Jr.,Memphis signed Scotty Pippen Jr. to a two-way deal.,src_realgm_txn_2024,RealGM Memphis Transaction History 2024,https://basketball.realgm.com/nba/teams/Memphis-Grizzlies/15/Transaction-History/2024
evt_mem_evt_20240129_sign_matthew_hurt_2024_01_29_co_520640d055,evt_20240129_sign_matthew_hurt,2024-01-29,contract_signing,Signing: Matthew Hurt,Memphis signed Matthew Hurt.,src_realgm_txn_2024,RealGM Memphis Transaction History 2024,https://basketball.realgm.com/nba/teams/Memphis-Grizzlies/15/Transaction-History/2024
evt_mem_evt_20240130_sign_tosan_evbuomwan_2024_01_30_ed3f493491,evt_20240130_sign_tosan_evbuomwan,2024-01-30,contract_signing,Signing: Tosan Evbuomwan,Memphis signed Tosan Evbuomwan.,src_realgm_txn_2024,RealGM Memphis Transaction History 2024,https://basketball.realgm.com/nba/teams/Memphis-Grizzlies/15/Transaction-History/2024
evt_mem_evt_20240130_sign_trey_jemison_2024_01_30_co_e71f70d7f5,evt_20240130_sign_trey_jemison,2024-01-30,contract_signing,Signing: Trey Jemison,Memphis signed Trey Jemison.,src_realgm_txn_2024,RealGM Memphis Transaction History 2024,https://basketball.realgm.com/nba/teams/Memphis-Grizzlies/15/Transaction-History/2024
evt_mem_evt_20240201_trade_adams_2024_02_01_trade_96294bd6ef,evt_20240201_trade_adams,2024-02-01,trade,Trade: Steven Adams to Houston,"Memphis traded Steven Adams for Victor Oladipo, two 2024 second-round picks, and a 2025 second-round pick.",src_bref_mem_2024_txn,Basketball-Reference Memphis 2023-24 Transactions,https://www.basketball-reference.com/teams/MEM/2024_transactions.html
evt_mem_evt_20240207_trade_tillman_2024_02_07_trade_939df12fd4,evt_20240207_trade_tillman,2024-02-07,trade,Trade: Xavier Tillman to Boston,Memphis traded Xavier Tillman Sr. and acquired Lamar Stevens plus ATL 2027 second and DAL 2030 second.,src_bref_mem_2024_txn,Basketball-Reference Memphis 2023-24 Transactions,https://www.basketball-reference.com/teams/MEM/2024_transactions.html
evt_mem_evt_20240208_waive_oladipo_2024_02_08_waiver_488d2e7fa6,evt_20240208_waive_oladipo,2024-02-08,waiver,Waiver: Victor Oladipo,Memphis waived Victor Oladipo.,src_realgm_txn_2024,RealGM Memphis Transaction History 2024,https://basketball.realgm.com/nba/teams/Memphis-Grizzlies/15/Transaction-History/2024
evt_mem_evt_20240209_conv_gg_2024_02_09_conversion_c3f2b10c89,evt_20240209_conv_gg,2024-02-09,conversion,Conversion: GG Jackson to standard contract,Memphis converted GG Jackson to a standard contract.,src_realgm_txn_2024,RealGM Memphis Transaction History 2024,https://basketball.realgm.com/nba/teams/Memphis-Grizzlies/15/Transaction-History/2024
evt_mem_evt_20240209_sign_jemison_two_way_2024_02_09_91c77f2df8,evt_20240209_sign_jemison_two_way,2024-02-09,contract_signing,Signing: Trey Jemison,Memphis signed Trey Jemison.,src_realgm_txn_2024,RealGM Memphis Transaction History 2024,https://basketball.realgm.com/nba/teams/Memphis-Grizzlies/15/Transaction-History/2024
evt_mem_evt_20240209_sign_trey_jemison_update_2024_0_150a18e22f,evt_20240209_sign_trey_jemison_update,2024-02-09,contract_signing,Signing: Trey Jemison (updated deal),Memphis signed Trey Jemison to an updated contract at deadline period.,src_realgm_txn_2024,RealGM Memphis Transaction History 2024,https://basketball.realgm.com/nba/teams/Memphis-Grizzlies/15/Transaction-History/2024
evt_mem_evt_20240224_sign_goodwin_two_way_2024_02_24_72bf1b3644,evt_20240224_sign_goodwin_two_way,2024-02-24,contract_signing,Two-way Signing: Jordan Goodwin,Memphis signed Jordan Goodwin to a two-way deal.,src_realgm_txn_2024,RealGM Memphis Transaction History 2024,https://basketball.realgm.com/nba/teams/Memphis-Grizzlies/15/Transaction-History/2024
evt_mem_evt_20240226_sign_matthew_hurt_2024_02_26_co_ceb1d7d934,evt_20240226_sign_matthew_hurt,2024-02-26,contract_signing,Signing: Matthew Hurt,Memphis signed Matthew Hurt.,src_realgm_txn_2024,RealGM Memphis Transaction History 2024,https://basketball.realgm.com/nba/teams/Memphis-Grizzlies/15/Transaction-History/2024
evt_mem_evt_20240308_sign_wenyen_gabriel_2024_03_08__6473f1cba6,evt_20240308_sign_wenyen_gabriel,2024-03-08,contract_signing,Signing: Wenyen Gabriel,Memphis signed Wenyen Gabriel.,src_realgm_txn_2024,RealGM Memphis Transaction History 2024,https://basketball.realgm.com/nba/teams/Memphis-Grizzlies/15/Transaction-History/2024
evt_mem_evt_20240310_sign_dejon_jarreau_2024_03_10_c_088166e60a,evt_20240310_sign_dejon_jarreau,2024-03-10,contract_signing,Signing: DeJon Jarreau,Memphis signed DeJon Jarreau.,src_realgm_txn_2024,RealGM Memphis Transaction History 2024,https://basketball.realgm.com/nba/teams/Memphis-Grizzlies/15/Transaction-History/2024
evt_mem_evt_20240320_sign_dejon_jarreau_again_2024_0_16c4d2b542,evt_20240320_sign_dejon_jarreau_again,2024-03-20,contract_signing,Signing: DeJon Jarreau,Memphis re-signed DeJon Jarreau.,src_realgm_txn_2024,RealGM Memphis Transaction History 2024,https://basketball.realgm.com/nba/teams/Memphis-Grizzlies/15/Transaction-History/2024
evt_mem_evt_20240320_sign_maozinha_2024_03_20_contra_9b0860008c,evt_20240320_sign_maozinha,2024-03-20,contract_signing,Signing: Maozinha Pereira,Memphis signed Maozinha Pereira.,src_realgm_txn_2024,RealGM Memphis Transaction History 2024,https://basketball.realgm.com/nba/teams/Memphis-Grizzlies/15/Transaction-History/2024
evt_mem_evt_20240330_sign_zavier_simpson_2024_03_30__c446ac980c,evt_20240330_sign_zavier_simpson,2024-03-30,contract_signing,Signing: Zavier Simpson,Memphis signed Zavier Simpson.,src_realgm_txn_2024,RealGM Memphis Transaction History 2024,https://basketball.realgm.com/nba/teams/Memphis-Grizzlies/15/Transaction-History/2024
evt_mem_evt_20240409_sign_jack_white_2024_04_09_cont_b45abe732b,evt_20240409_sign_jack_white,2024-04-09,contract_signing,Signing: Jack White,Memphis signed Jack White.,src_realgm_txn_2024,RealGM Memphis Transaction History 2024,https://basketball.realgm.com/nba/teams/Memphis-Grizzlies/15/Transaction-History/2024
evt_mem_evt_20240409_sign_zavier_simpson_again_2024__a7cc2fbaac,evt_20240409_sign_zavier_simpson_again,2024-04-09,contract_signing,Signing: Zavier Simpson,Memphis re-signed Zavier Simpson.,src_realgm_txn_2024,RealGM Memphis Transaction History 2024,https://basketball.realgm.com/nba/teams/Memphis-Grizzlies/15/Transaction-History/2024
evt_mem_evt_20240626_draft_edey_2024_06_26_draft_pic_5c4c0d649d,evt_20240626_draft_edey,2024-06-26,draft_pick,Draft Pick: Zach Edey (9),Memphis selected Zach Edey at #9.,src_realgm_txn_2025,RealGM Memphis Transaction History 2025,https://basketball.realgm.com/nba/teams/Memphis-Grizzlies/15/Transaction_History/2025
evt_mem_evt_20240627_draft_chomche_2024_06_27_draft__fa686be565,evt_20240627_draft_chomche,2024-06-27,draft_pick,Draft Pick: Ulrich Chomche (57 rights),Memphis selected Ulrich Chomche at #57 (rights).,src_realgm_txn_2025,RealGM Memphis Transaction History 2025,https://basketball.realgm.com/nba/teams/Memphis-Grizzlies/15/Transaction_History/2025
evt_mem_evt_20240627_draft_wells_2024_06_27_draft_pi_4ec19121bf,evt_20240627_draft_wells,2024-06-27,draft_pick,Draft Pick: Jaylen Wells (39),Memphis selected Jaylen Wells at #39.,src_realgm_txn_2025,RealGM Memphis Transaction History 2025,https://basketball.realgm.com/nba/teams/Memphis-Grizzlies/15/Transaction_History/2025
evt_mem_evt_20240706_sign_jaylen_wells_2024_07_06_co_4f710b6071,evt_20240706_sign_jaylen_wells,2024-07-06,contract_signing,Signing: Jaylen Wells,Memphis signed Jaylen Wells to a rookie contract.,src_realgm_txn_2025,RealGM Memphis Transaction History 2025,https://basketball.realgm.com/nba/teams/Memphis-Grizzlies/15/Transaction_History/2025
evt_mem_evt_20240706_sign_zach_edey_2024_07_06_contr_2bc4a9afec,evt_20240706_sign_zach_edey,2024-07-06,contract_signing,Signing: Zach Edey,Memphis signed Zach Edey to a rookie contract.,src_realgm_txn_2025,RealGM Memphis Transaction History 2025,https://basketball.realgm.com/nba/teams/Memphis-Grizzlies/15/Transaction_History/2025
evt_mem_evt_20240706_trade_cam_spencer_2024_07_06_tr_bdb3fc634d,evt_20240706_trade_cam_spencer,2024-07-06,trade,Four-team Trade: Acquired Cam Spencer rights,"In a four-team trade, Memphis acquired Cam Spencer rights and sent Ulrich Chomche rights plus a conditional 2030 second-round pick.",src_bref_mem_2025_txn,Basketball-Reference Memphis 2024-25 Transactions,https://www.basketball-reference.com/teams/MEM/2025_transactions.html
evt_mem_evt_20240708_sign_cam_two_way_2024_07_08_con_f778add05a,evt_20240708_sign_cam_two_way,2024-07-08,contract_signing,Two-way Signing: Cam Spencer,Memphis signed Cam Spencer to a two-way contract.,src_realgm_txn_2025,RealGM Memphis Transaction History 2025,https://basketball.realgm.com/nba/teams/Memphis-Grizzlies/15/Transaction_History/2025
evt_mem_evt_20240719_trade_ziaire_2024_07_19_trade_fa0304be75,evt_20240719_trade_ziaire,2024-07-19,trade,Trade: Ziaire Williams to Brooklyn,Memphis traded Ziaire Williams and a 2030 DAL second-round pick for Mamadi Diakite and draft rights to Nemanja Dangubic.,src_bref_mem_2025_txn,Basketball-Reference Memphis 2024-25 Transactions,https://www.basketball-reference.com/teams/MEM/2025_transactions.html
evt_mem_evt_20240724_end_trey_jemison_two_way_2024_0_2f7544262f,evt_20240724_end_trey_jemison_two_way,2024-07-24,conversion,Conversion: Ended Trey Jemison two-way,Memphis ended Trey Jemison's two-way contract.,src_realgm_txn_2025,RealGM Memphis Transaction History 2025,https://basketball.realgm.com/nba/teams/Memphis-Grizzlies/15/Transaction_History/2025
evt_mem_evt_20240724_sign_huff_two_way_2024_07_24_co_986fb34906,evt_20240724_sign_huff_two_way,2024-07-24,contract_signing,Two-way Signing: James Huff,Memphis signed James Huff to a two-way contract.,src_realgm_txn_2025,RealGM Memphis Transaction History 2025,https://basketball.realgm.com/nba/teams/Memphis-Grizzlies/15/Transaction_History/2025
evt_mem_evt_20240731_re_sign_kennard_2024_07_31_re_s_b55ac63e3e,evt_20240731_re_sign_kennard,2024-07-31,re_signing,Re-signing: Luke Kennard,Memphis re-signed Luke Kennard.,src_realgm_txn_2025,RealGM Memphis Transaction History 2025,https://basketball.realgm.com/nba/teams/Memphis-Grizzlies/15/Transaction_History/2025
evt_mem_evt_20240827_waive_diakite_2024_08_27_waiver_a4feecc3bb,evt_20240827_waive_diakite,2024-08-27,waiver,Waiver: Mamadi Diakite,Memphis waived Mamadi Diakite.,src_realgm_txn_2025,RealGM Memphis Transaction History 2025,https://basketball.realgm.com/nba/teams/Memphis-Grizzlies/15/Transaction_History/2025
evt_mem_evt_20240906_sign_yuki_2024_09_06_contract_s_ce20f72604,evt_20240906_sign_yuki,2024-09-06,contract_signing,Signing: Yuki Kawamura,Memphis signed Yuki Kawamura.,src_realgm_txn_2025,RealGM Memphis Transaction History 2025,https://basketball.realgm.com/nba/teams/Memphis-Grizzlies/15/Transaction_History/2025
evt_mem_evt_20240923_waive_rose_2024_09_23_waiver_0815a5ab85,evt_20240923_waive_rose,2024-09-23,waiver,Waiver: Derrick Rose,Memphis waived Derrick Rose.,src_realgm_txn_2025,RealGM Memphis Transaction History 2025,https://basketball.realgm.com/nba/teams/Memphis-Grizzlies/15/Transaction_History/2025
evt_mem_evt_20241015_conv_scotty_2024_10_15_conversi_cdf0356efc,evt_20241015_conv_scotty,2024-10-15,conversion,Conversion: Scotty Pippen Jr. to standard contract,Memphis converted Scotty Pippen Jr. from two-way to standard deal.,src_realgm_txn_2025,RealGM Memphis Transaction History 2025,https://basketball.realgm.com/nba/teams/Memphis-Grizzlies/15/Transaction_History/2025
evt_mem_evt_20241019_conv_yuki_two_way_2024_10_19_co_9f01a9617b,evt_20241019_conv_yuki_two_way,2024-10-19,conversion,Conversion: Yuki Kawamura to two-way,Memphis converted Yuki Kawamura to a two-way contract.,src_realgm_txn_2025,RealGM Memphis Transaction History 2025,https://basketball.realgm.com/nba/teams/Memphis-Grizzlies/15/Transaction_History/2025
evt_mem_evt_20241028_conv_huff_2024_10_28_conversion_5e6e9c63fd,evt_20241028_conv_huff,2024-10-28,conversion,Conversion: James Huff to standard contract,Memphis converted James Huff from two-way to a standard contract.,src_realgm_txn_2025,RealGM Memphis Transaction History 2025,https://basketball.realgm.com/nba/teams/Memphis-Grizzlies/15/Transaction_History/2025
evt_mem_evt_20241030_sign_castleton_two_way_2024_10__f294583cc6,evt_20241030_sign_castleton_two_way,2024-10-30,contract_signing,Two-way Signing: Colin Castleton,Memphis signed Colin Castleton to a two-way contract.,src_realgm_txn_2025,RealGM Memphis Transaction History 2025,https://basketball.realgm.com/nba/teams/Memphis-Grizzlies/15/Transaction_History/2025
evt_mem_evt_20250110_end_castleton_two_way_2025_01_1_37b78efdf3,evt_20250110_end_castleton_two_way,2025-01-10,conversion,Conversion: Ended Colin Castleton two-way,Memphis ended Colin Castleton's two-way contract.,src_realgm_txn_2025,RealGM Memphis Transaction History 2025,https://basketball.realgm.com/nba/teams/Memphis-Grizzlies/15/Transaction_History/2025
evt_mem_evt_20250110_sign_zyon_two_way_2025_01_10_co_a1e58ac2b2,evt_20250110_sign_zyon_two_way,2025-01-10,contract_signing,Two-way Signing: Zyon Pullin,Memphis signed Zyon Pullin to a two-way contract.,src_realgm_txn_2025,RealGM Memphis Transaction History 2025,https://basketball.realgm.com/nba/teams/Memphis-Grizzlies/15/Transaction_History/2025
evt_mem_evt_20250206_trade_deadline_2025_02_06_trade_fe97bce1ad,evt_20250206_trade_deadline,2025-02-06,trade,Three-team Trade: Smart + LaRavia outgoing,"Memphis traded Marcus Smart and MEM 2025 first to Washington, traded Jake LaRavia to Sacramento, and acquired Marvin Bagley III, Johnny Davis, WAS 2025 second, and SAC 2028 second.",src_bref_mem_2025_txn,Basketball-Reference Memphis 2024-25 Transactions,https://www.basketball-reference.com/teams/MEM/2025_transactions.html
evt_mem_evt_20250221_sign_lamar_2025_02_21_contract__a0de33fef7,evt_20250221_sign_lamar,2025-02-21,contract_signing,Signing: Lamar Stevens (10-day),Memphis signed Lamar Stevens to a 10-day contract.,src_realgm_txn_2025,RealGM Memphis Transaction History 2025,https://basketball.realgm.com/nba/teams/Memphis-Grizzlies/15/Transaction_History/2025
evt_mem_evt_20250221_waive_johnny_2025_02_21_waiver_72aa571ceb,evt_20250221_waive_johnny,2025-02-21,waiver,Waiver: Johnny Davis,Memphis waived Johnny Davis.,src_realgm_txn_2025,RealGM Memphis Transaction History 2025,https://basketball.realgm.com/nba/teams/Memphis-Grizzlies/15/Transaction_History/2025
evt_mem_evt_20250303_sign_lamar_again_2025_03_03_con_b3fb0bd5e8,evt_20250303_sign_lamar_again,2025-03-03,contract_signing,Signing: Lamar Stevens (second 10-day),Memphis signed Lamar Stevens to a second 10-day contract.,src_realgm_txn_2025,RealGM Memphis Transaction History 2025,https://basketball.realgm.com/nba/teams/Memphis-Grizzlies/15/Transaction_History/2025
evt_mem_evt_20250313_sign_lamar_rest_2025_03_13_cont_0f43f59e62,evt_20250313_sign_lamar_rest,2025-03-13,contract_signing,Signing: Lamar Stevens rest-of-season,Memphis signed Lamar Stevens for the rest of the season.,src_realgm_txn_2025,RealGM Memphis Transaction History 2025,https://basketball.realgm.com/nba/teams/Memphis-Grizzlies/15/Transaction_History/2025
evt_mem_evt_20250615_trade_bane_2025_06_15_trade_de9587a20e,evt_20250615_trade_bane,2025-06-15,trade,Trade: Desmond Bane to Orlando,"Memphis traded Desmond Bane and 2026 first-round swap rights for Cole Anthony, Kentavious Caldwell-Pope, ORL 2025 first, ORL 2028 first, 2029 first swap rights, and ORL 2030 first.",src_bref_mem_2025_txn,Basketball-Reference Memphis 2024-25 Transactions,https://www.basketball-reference.com/teams/MEM/2025_transactions.html
evt_mem_evt_20250625_trade_up_cedric_2025_06_25_trad_8d1c8e0f53,evt_20250625_trade_up_cedric,2025-06-25,trade,Draft-night Trade: Acquired Cedric Coward rights,"Memphis traded Yang Hansen rights, ATL 2027 second, ORL 2028 first, and SAC 2028 second to Portland for Cedric Coward rights.",src_bref_mem_2025_txn,Basketball-Reference Memphis 2024-25 Transactions,https://www.basketball-reference.com/teams/MEM/2025_transactions.html
evt_mem_evt_20250626_draft_javon_small_2025_06_26_dr_4b013e5ff9,evt_20250626_draft_javon_small,2025-06-26,draft_pick,Draft Pick: Javon Small (48),Memphis selected Javon Small at #48.,src_realgm_txn_2026,RealGM Memphis Transaction History Current,https://basketball.realgm.com/nba/teams/Memphis-Grizzlies/15/Transaction_History
evt_mem_evt_20250626_draft_will_richard_2025_06_26_d_a840549dd2,evt_20250626_draft_will_richard,2025-06-26,draft_pick,Draft Pick: Will Richard (56 rights),Memphis selected Will Richard at #56 (rights).,src_realgm_txn_2026,RealGM Memphis Transaction History Current,https://basketball.realgm.com/nba/teams/Memphis-Grizzlies/15/Transaction_History
evt_mem_evt_20250706_trade_huff_2025_07_06_trade_f28376657d,evt_20250706_trade_huff,2025-07-06,trade,Trade: James Huff to Indiana,Memphis traded James Huff to Indiana for POR 2029 second-round pick and 2031 second-round swap rights.,src_bref_mem_2026_txn,Basketball-Reference Memphis 2025-26 Transactions,https://www.basketball-reference.com/teams/MEM/2026_transactions.html
evt_mem_evt_20250706_trade_will_for_jessup_2025_07_0_4805811c2b,evt_20250706_trade_will_for_jessup,2025-07-06,trade,Trade: Will Richard rights for Jessup package,"Memphis traded Will Richard rights to Golden State for Justinian Jessup, Jahmai Mashack, and a 2032 GSW second-round pick.",src_bref_mem_2026_txn,Basketball-Reference Memphis 2025-26 Transactions,https://www.basketball-reference.com/teams/MEM/2026_transactions.html
evt_mem_evt_20250707_sign_cedric_2025_07_07_contract_61b8010e40,evt_20250707_sign_cedric,2025-07-07,contract_signing,Signing: Cedric Coward rookie deal,Memphis signed Cedric Coward.,src_realgm_txn_2026,RealGM Memphis Transaction History Current,https://basketball.realgm.com/nba/teams/Memphis-Grizzlies/15/Transaction_History
evt_mem_evt_20250710_sign_javon_two_way_2025_07_10_c_44b27a9bbf,evt_20250710_sign_javon_two_way,2025-07-10,contract_signing,Two-way Signing: Javon Small,Memphis signed Javon Small to a two-way contract.,src_realgm_txn_2026,RealGM Memphis Transaction History Current,https://basketball.realgm.com/nba/teams/Memphis-Grizzlies/15/Transaction_History
evt_mem_evt_20250712_waive_cole_2025_07_12_waiver_5b14489da7,evt_20250712_waive_cole,2025-07-12,waiver,Waiver: Cole Anthony,Memphis waived Cole Anthony.,src_realgm_txn_2026,RealGM Memphis Transaction History Current,https://basketball.realgm.com/nba/teams/Memphis-Grizzlies/15/Transaction_History
evt_mem_evt_20250713_ext_jaren_2025_07_13_extension_31d284db85,evt_20250713_ext_jaren,2025-07-13,extension,Extension: Jaren Jackson Jr.,Memphis renegotiated and extended Jaren Jackson Jr.,src_realgm_txn_2026,RealGM Memphis Transaction History Current,https://basketball.realgm.com/nba/teams/Memphis-Grizzlies/15/Transaction_History
evt_mem_evt_20250714_re_sign_cam_2025_07_14_re_signi_d7e85d402a,evt_20250714_re_sign_cam,2025-07-14,re_signing,Re-signing: Cam Spencer,Memphis re-signed Cam Spencer.,src_realgm_txn_2026,RealGM Memphis Transaction History Current,https://basketball.realgm.com/nba/teams/Memphis-Grizzlies/15/Transaction_History
evt_mem_evt_20250714_sign_ty_jerome_2025_07_14_contr_e6ea48ce03,evt_20250714_sign_ty_jerome,2025-07-14,contract_signing,Signing: Ty Jerome,Memphis signed Ty Jerome.,src_realgm_txn_2026,RealGM Memphis Transaction History Current,https://basketball.realgm.com/nba/teams/Memphis-Grizzlies/15/Transaction_History
evt_mem_evt_20250715_re_sign_santi_2025_07_15_re_sig_32c15973af,evt_20250715_re_sign_santi,2025-07-15,re_signing,Re-signing: Santi Aldama,Memphis re-signed Santi Aldama.,src_realgm_txn_2026,RealGM Memphis Transaction History Current,https://basketball.realgm.com/nba/teams/Memphis-Grizzlies/15/Transaction_History
evt_mem_evt_20250715_sign_jock_2025_07_15_contract_s_d094d41916,evt_20250715_sign_jock,2025-07-15,contract_signing,Signing: Jock Landale,Memphis signed Jock Landale.,src_realgm_txn_2026,RealGM Memphis Transaction History Current,https://basketball.realgm.com/nba/teams/Memphis-Grizzlies/15/Transaction_History
evt_mem_evt_20250720_end_zyon_2025_07_20_conversion_6130be02e1,evt_20250720_end_zyon,2025-07-20,conversion,Conversion: Ended Zyon Pullin two-way,Memphis ended Zyon Pullin two-way contract.,src_realgm_txn_2026,RealGM Memphis Transaction History Current,https://basketball.realgm.com/nba/teams/Memphis-Grizzlies/15/Transaction_History
evt_mem_evt_20250720_sign_pj_hall_two_way_2025_07_20_5637eda093,evt_20250720_sign_pj_hall_two_way,2025-07-20,contract_signing,Two-way Signing: PJ Hall,Memphis signed PJ Hall to a two-way contract.,src_realgm_txn_2026,RealGM Memphis Transaction History Current,https://basketball.realgm.com/nba/teams/Memphis-Grizzlies/15/Transaction_History
evt_mem_evt_20250904_sign_olivier_two_way_2025_09_04_fa83146984,evt_20250904_sign_olivier_two_way,2025-09-04,contract_signing,Two-way Signing: Olivier-Maxence Prosper,Memphis signed Olivier-Maxence Prosper to a two-way contract.,src_realgm_txn_2026,RealGM Memphis Transaction History Current,https://basketball.realgm.com/nba/teams/Memphis-Grizzlies/15/Transaction_History
evt_mem_evt_20250906_sign_lawson_lovering_2025_09_06_585a1f9949,evt_20250906_sign_lawson_lovering,2025-09-06,contract_signing,Signing: Lawson Lovering,Memphis signed Lawson Lovering.,src_realgm_txn_2026,RealGM Memphis Transaction History Current,https://basketball.realgm.com/nba/teams/Memphis-Grizzlies/15/Transaction_History
evt_mem_evt_20250923_sign_braxton_key_2025_09_23_con_4f4944cc65,evt_20250923_sign_braxton_key,2025-09-23,contract_signing,Signing: Braxton Key,Memphis signed Braxton Key.,src_realgm_txn_2026,RealGM Memphis Transaction History Current,https://basketball.realgm.com/nba/teams/Memphis-Grizzlies/15/Transaction_History
evt_mem_evt_20251018_waive_braxton_key_2025_10_18_wa_3f443d0bbe,evt_20251018_waive_braxton_key,2025-10-18,waiver,Waiver: Braxton Key,Memphis waived Braxton Key.,src_realgm_txn_2026,RealGM Memphis Transaction History Current,https://basketball.realgm.com/nba/teams/Memphis-Grizzlies/15/Transaction_History
evt_mem_evt_20251018_waive_lawson_lovering_2025_10_1_c9e4959252,evt_20251018_waive_lawson_lovering,2025-10-18,waiver,Waiver: Lawson Lovering,Memphis waived Lawson Lovering.,src_realgm_txn_2026,RealGM Memphis Transaction History Current,https://basketball.realgm.com/nba/teams/Memphis-Grizzlies/15/Transaction_History
evt_mem_evt_20251027_sign_bassey_2025_10_27_contract_226f74bedc,evt_20251027_sign_bassey,2025-10-27,contract_signing,Signing: Charles Bassey,Memphis signed Charles Bassey.,src_realgm_txn_2026,RealGM Memphis Transaction History Current,https://basketball.realgm.com/nba/teams/Memphis-Grizzlies/15/Transaction_History
evt_mem_evt_20251116_end_pj_hall_2025_11_16_conversi_06d3d87692,evt_20251116_end_pj_hall,2025-11-16,conversion,Conversion: Ended PJ Hall two-way,Memphis ended PJ Hall two-way contract.,src_realgm_txn_2026,RealGM Memphis Transaction History Current,https://basketball.realgm.com/nba/teams/Memphis-Grizzlies/15/Transaction_History
evt_mem_evt_20251116_sign_jahmai_two_way_2025_11_16__5ce8f79304,evt_20251116_sign_jahmai_two_way,2025-11-16,contract_signing,Two-way Signing: Jahmai Mashack,Memphis signed Jahmai Mashack to a two-way contract.,src_realgm_txn_2026,RealGM Memphis Transaction History Current,https://basketball.realgm.com/nba/teams/Memphis-Grizzlies/15/Transaction_History
evt_mem_evt_20251124_sign_bufkin_2025_11_24_contract_67b1f1c0ac,evt_20251124_sign_bufkin,2025-11-24,contract_signing,Signing: Kobe Bufkin,Memphis signed Kobe Bufkin.,src_realgm_txn_2026,RealGM Memphis Transaction History Current,https://basketball.realgm.com/nba/teams/Memphis-Grizzlies/15/Transaction_History
evt_mem_evt_20251222_sign_koloko_2025_12_22_contract_7e11d111e6,evt_20251222_sign_koloko,2025-12-22,contract_signing,Signing: Christian Koloko,Memphis signed Christian Koloko to a 10-day contract.,src_realgm_txn_2026,RealGM Memphis Transaction History Current,https://basketball.realgm.com/nba/teams/Memphis-Grizzlies/15/Transaction_History
evt_mem_evt_20260102_sign_koloko_again_2026_01_02_co_a6bfa979f7,evt_20260102_sign_koloko_again,2026-01-02,contract_signing,Signing: Christian Koloko second 10-day,Memphis signed Christian Koloko to a second 10-day contract.,src_realgm_txn_2026,RealGM Memphis Transaction History Current,https://basketball.realgm.com/nba/teams/Memphis-Grizzlies/15/Transaction_History
evt_mem_evt_20260203_trade_jjj_2026_02_03_trade_db62e31a6e,evt_20260203_trade_jjj,2026-02-03,trade,Trade: Jaren Jackson Jr. to Utah,"Memphis traded Jaren Jackson Jr., John Konchar, Jock Landale, and Vince Williams Jr. to Utah for Kyle Anderson, Walter Clayton Jr., Taylor Hendricks, Georges Niang, two 2027 firsts, and a 2031 first.",src_bref_mem_2026_txn,Basketball-Reference Memphis 2025-26 Transactions,https://www.basketball-reference.com/teams/MEM/2026_transactions.html
evt_mem_evt_20260205_trade_jessup_2026_02_05_trade_d6d170dd00,evt_20260205_trade_jessup,2026-02-05,trade,Trade: Justinian Jessup to Philadelphia,Memphis traded Justinian Jessup to Philadelphia for Eric Gordon and 2032 second-round swap rights.,src_bref_mem_2026_txn,Basketball-Reference Memphis 2025-26 Transactions,https://www.basketball-reference.com/teams/MEM/2026_transactions.html
evt_mem_evt_20260205_waive_niang_2026_02_05_waiver_a8cd4e8d6f,evt_20260205_waive_niang,2026-02-05,waiver,Waiver: Georges Niang,Memphis waived Georges Niang.,src_realgm_txn_2026,RealGM Memphis Transaction History Current,https://basketball.realgm.com/nba/teams/Memphis-Grizzlies/15/Transaction_History
evt_mem_evt_20260206_waive_gordon_2026_02_06_waiver_12d56f9905,evt_20260206_waive_gordon,2026-02-06,waiver,Waiver: Eric Gordon,Memphis waived Eric Gordon.,src_realgm_txn_2026,RealGM Memphis Transaction History Current,https://basketball.realgm.com/nba/teams/Memphis-Grizzlies/15/Transaction_History
evt_mem_evt_20260209_sign_lawson_lovering_2026_02_09_d64b0cf22d,evt_20260209_sign_lawson_lovering,2026-02-09,contract_signing,Signing: Lawson Lovering,Memphis signed Lawson Lovering.,src_realgm_txn_2026,RealGM Memphis Transaction History Current,https://basketball.realgm.com/nba/teams/Memphis-Grizzlies/15/Transaction_History
evt_mem_evt_20260222_sign_rayan_rupert_2026_02_22_co_fec0b73378,evt_20260222_sign_rayan_rupert,2026-02-22,contract_signing,Signing: Rayan Rupert,Memphis signed Rayan Rupert.,src_realgm_txn_2026,RealGM Memphis Transaction History Current,https://basketball.realgm.com/nba/teams/Memphis-Grizzlies/15/Transaction_History
