edge_id,source_node_id,target_node_id,asset_id,asset_key,asset_type,subtype,start_date,end_date,is_active_at_end,player_name,contract_expiry_year,average_annual_salary,acquisition_method,original_team,pick_year,pick_number,protections_raw,protections_structured,swap_conditions_raw,swap_conditions_structured,prior_transactions
edg_ast_mem_pick_2022_1_22_mem_4a1aee6810_state_star_1e28842d4f,state_start_mem_20220514,evt_mem_evt_20220624_trade_laravia_2022_06_24_trade_2172abbf6c,ast_mem_pick_2022_1_22_mem_4a1aee6810,pick_2022_1_22_mem,future_draft_pick,first_round,2022-05-14,2022-06-24,false,,,,,MEM,2022,22,,,,,"[""2022-05-14|bootstrap_from_event|held""]"
edg_ast_mem_pick_2022_1_29_mem_8250783ff8_state_star_3aa924aefb,state_start_mem_20220514,evt_mem_evt_20220624_trade_laravia_2022_06_24_trade_2172abbf6c,ast_mem_pick_2022_1_29_mem_8250783ff8,pick_2022_1_29_mem,future_draft_pick,first_round,2022-05-14,2022-06-24,false,,,,,MEM,2022,29,,,,,"[""2022-05-14|bootstrap_from_event|held""]"
edg_ast_mem_pick_2022_1_mem_a51f99fa5c_state_start_m_018856513e,state_start_mem_20220514,state_end_mem_20260226,ast_mem_pick_2022_1_mem_a51f99fa5c,pick_2022_1_mem,future_draft_pick,first_round,2022-05-14,,true,,,,owned_pick_start_state,MEM,2022,,,,,,"[""2022-05-14|initial_state|held""]"
edg_ast_mem_pick_2022_2_mem_2737bf6258_state_start_m_f19cc7ccbc,state_start_mem_20220514,state_end_mem_20260226,ast_mem_pick_2022_2_mem_2737bf6258,pick_2022_2_mem,future_draft_pick,second_round,2022-05-14,,true,,,,owned_pick_start_state,MEM,2022,,,,,,"[""2022-05-14|initial_state|held""]"
edg_ast_mem_pick_2023_1_mem_bf30dc251b_state_start_m_7c8ba744f9,state_start_mem_20220514,state_end_mem_20260226,ast_mem_pick_2023_1_mem_bf30dc251b,pick_2023_1_mem,future_draft_pick,first_round,2022-05-14,,true,,,,owned_pick_start_state,MEM,2023,,,,,,"[""2022-05-14|initial_state|held""]"
edg_ast_mem_pick_2023_2_in_from_min_utah_hou_9c55470_a2c6ef23e7,evt_mem_evt_20220624_trade_laravia_2022_06_24_trade_2172abbf6c,state_end_mem_20260226,ast_mem_pick_2023_2_in_from_min_utah_hou_9c554709ec,pick_2023_2_in_from_min_utah_hou,future_draft_pick,second_round,2022-06-24,,true,,,,trade,MIN/UTA/HOU,2023,,Multi-team second-round path via MIN/UTA/HOU,,,,"[""2022-06-24|trade|acquire""]"
edg_ast_mem_pick_2023_2_mem_a93026b251_state_start_m_c86013faf2,state_start_mem_20220514,evt_mem_evt_20230622_draft_gg_2023_06_22_draft_pick_397e2cb645,ast_mem_pick_2023_2_mem_a93026b251,pick_2023_2_mem,future_draft_pick,second_round,2022-05-14,2023-06-22,false,,,,owned_pick_start_state,MEM,2023,,,,,,"[""2022-05-14|initial_state|held""]"
edg_ast_mem_pick_2023_2_mem_rights_56_4edb564b87_sta_b8f7b0a2ac,state_start_mem_20220514,evt_mem_evt_20230622_draft_tarik_2023_06_22_draft_pi_4bb9c1cf6a,ast_mem_pick_2023_2_mem_rights_56_4edb564b87,pick_2023_2_mem_rights_56,future_draft_pick,second_round,2022-05-14,2023-06-22,false,,,,,MEM,2023,56,,,,,"[""2022-05-14|bootstrap_from_event|held""]"
edg_ast_mem_pick_2023_2_min_c7e7be8179_state_start_m_36ae05b94b,state_start_mem_20220514,evt_mem_evt_20220624_trade_laravia_2022_06_24_trade_2172abbf6c,ast_mem_pick_2023_2_min_c7e7be8179,pick_2023_2_min,future_draft_pick,second_round,2022-05-14,2022-06-24,false,,,,owned_pick_start_state,MIN,2023,,,,,,"[""2022-05-14|initial_state|held""]"
edg_ast_mem_pick_2024_1_gsw_d16229c661_state_start_m_ccf47c694f,state_start_mem_20220514,evt_mem_evt_20230623_trade_smart_2023_06_23_trade_382f758ca0,ast_mem_pick_2024_1_gsw_d16229c661,pick_2024_1_gsw,future_draft_pick,first_round,2022-05-14,2023-06-23,false,,,,owned_pick_start_state,GSW,2024,,,,,,"[""2022-05-14|initial_state|held""]"
edg_ast_mem_pick_2024_1_mem_8adc419e28_state_start_m_4f0cc8cee1,state_start_mem_20220514,evt_mem_evt_20240626_draft_edey_2024_06_26_draft_pic_5c4c0d649d,ast_mem_pick_2024_1_mem_8adc419e28,pick_2024_1_mem,future_draft_pick,first_round,2022-05-14,2024-06-26,false,,,,owned_pick_start_state,MEM,2024,,,,,,"[""2022-05-14|initial_state|held""]"
edg_ast_mem_pick_2024_1_swap_rights_phx_db14217fc6_e_8a4232352d,evt_mem_evt_20230711_trade_swap_phx_2023_07_11_trade_2983cec30d,state_end_mem_20260226,ast_mem_pick_2024_1_swap_rights_phx_db14217fc6,pick_2024_1_swap_rights_phx,future_draft_pick,first_round,2023-07-11,,true,,,,trade,MEM/PHX,2024,,,,Right to swap 2024 first-round pick (did not convey),,"[""2023-07-11|trade|acquire""]"
edg_ast_mem_pick_2024_2_lal_b7728c1268_state_start_m_7a8ca7b360,state_start_mem_20220514,evt_mem_evt_20220624_trade_chandler_2022_06_24_trade_a5f3307723,ast_mem_pick_2024_2_lal_b7728c1268,pick_2024_2_lal,future_draft_pick,second_round,2022-05-14,2022-06-24,false,,,,owned_pick_start_state,LAL,2024,,,,,,"[""2022-05-14|initial_state|held""]"
edg_ast_mem_pick_2024_2_mem_ab4554b495_state_start_m_d0430a34a5,state_start_mem_20220514,evt_mem_evt_20240627_draft_wells_2024_06_27_draft_pi_4ec19121bf,ast_mem_pick_2024_2_mem_ab4554b495,pick_2024_2_mem,future_draft_pick,second_round,2022-05-14,2024-06-27,false,,,,owned_pick_start_state,MEM,2024,,,,,,"[""2022-05-14|initial_state|held""]"
edg_ast_mem_pick_2024_2_mem_more_favorable_b841afcf1_615c1d1441,state_start_mem_20220514,evt_mem_evt_20230209_trade_kennard_2023_02_09_trade_bc5e54ca9a,ast_mem_pick_2024_2_mem_more_favorable_b841afcf1c,pick_2024_2_mem_more_favorable,future_draft_pick,second_round,2022-05-14,2023-02-09,false,,,,,MEM,2024,,More favorable second-round obligation,,,,"[""2022-05-14|bootstrap_from_event|held""]"
edg_ast_mem_pick_2024_2_mem_or_tor_6eca2db13f_state__97f9130bc9,state_start_mem_20220514,state_end_mem_20260226,ast_mem_pick_2024_2_mem_or_tor_6eca2db13f,pick_2024_2_mem_or_tor,future_draft_pick,second_round,2022-05-14,,true,,,,owned_pick_start_state,MEM/TOR,2024,,,,,,"[""2022-05-14|initial_state|held""]"
edg_ast_mem_pick_2024_2_mem_rights_57_fdc20cc680_sta_056a50aec1,state_start_mem_20220514,evt_mem_evt_20240627_draft_chomche_2024_06_27_draft__fa686be565,ast_mem_pick_2024_2_mem_rights_57_fdc20cc680,pick_2024_2_mem_rights_57,future_draft_pick,second_round,2022-05-14,2024-06-27,false,,,,,MEM,2024,57,,,,,"[""2022-05-14|bootstrap_from_event|held""]"
edg_ast_mem_pick_2024_2_more_favorable_7a9de2aa33_ev_61b15f6f0e,evt_mem_evt_20240201_trade_adams_2024_02_01_trade_96294bd6ef,state_end_mem_20260226,ast_mem_pick_2024_2_more_favorable_7a9de2aa33,pick_2024_2_more_favorable,future_draft_pick,second_round,2024-02-01,,true,,,,trade,HOU/OKC,2024,,More favorable 2024 second-round pick,,,,"[""2024-02-01|trade|acquire""]"
edg_ast_mem_pick_2024_2_okc_6dc87e8084_evt_mem_evt_2_4133fd9d0d,evt_mem_evt_20240201_trade_adams_2024_02_01_trade_96294bd6ef,state_end_mem_20260226,ast_mem_pick_2024_2_okc_6dc87e8084,pick_2024_2_okc,future_draft_pick,second_round,2024-02-01,,true,,,,trade,OKC,2024,,,,,,"[""2024-02-01|trade|acquire""]"
edg_ast_mem_pick_2024_2_tor_f5a41c1948_state_start_m_8fb041e778,state_start_mem_20220514,evt_mem_evt_20230209_trade_kennard_2023_02_09_trade_bc5e54ca9a,ast_mem_pick_2024_2_tor_f5a41c1948,pick_2024_2_tor,future_draft_pick,second_round,2022-05-14,2023-02-09,false,,,,,TOR,2024,,,,,,"[""2022-05-14|bootstrap_from_event|held""]"
edg_ast_mem_pick_2025_1_mem_315ae36b9d_state_start_m_4f29e7c7c5,state_start_mem_20220514,evt_mem_evt_20250206_trade_deadline_2025_02_06_trade_fe97bce1ad,ast_mem_pick_2025_1_mem_315ae36b9d,pick_2025_1_mem,future_draft_pick,first_round,2022-05-14,2025-02-06,false,,,,owned_pick_start_state,MEM,2025,,,,,,"[""2022-05-14|initial_state|held""]"
edg_ast_mem_pick_2025_1_orl_in_6a6812e837_evt_mem_ev_ba35602bf2,evt_mem_evt_20250615_trade_bane_2025_06_15_trade_de9587a20e,state_end_mem_20260226,ast_mem_pick_2025_1_orl_in_6a6812e837,pick_2025_1_orl_in,future_draft_pick,first_round,2025-06-15,,true,,,,trade,ORL,2025,,,,,,"[""2025-06-15|trade|acquire""]"
edg_ast_mem_pick_2025_2_hou_okc_more_favorable_12863_32b847aca9,evt_mem_evt_20240201_trade_adams_2024_02_01_trade_96294bd6ef,state_end_mem_20260226,ast_mem_pick_2025_2_hou_okc_more_favorable_12863dcf82,pick_2025_2_hou_okc_more_favorable,future_draft_pick,second_round,2024-02-01,,true,,,,trade,HOU/OKC,2025,,More favorable of HOU/OKC 2025 second,,,,"[""2024-02-01|trade|acquire""]"
edg_ast_mem_pick_2025_2_mem_fbccdef9de_state_start_m_6bc92b1750,state_start_mem_20220514,evt_mem_evt_20250626_draft_javon_small_2025_06_26_dr_4b013e5ff9,ast_mem_pick_2025_2_mem_fbccdef9de,pick_2025_2_mem,future_draft_pick,second_round,2022-05-14,2025-06-26,false,,,,owned_pick_start_state,MEM,2025,,,,,,"[""2022-05-14|initial_state|held""]"
edg_ast_mem_pick_2025_2_mem_rights_56_5de8b783cd_sta_3244003c57,state_start_mem_20220514,evt_mem_evt_20250626_draft_will_richard_2025_06_26_d_a840549dd2,ast_mem_pick_2025_2_mem_rights_56_5de8b783cd,pick_2025_2_mem_rights_56,future_draft_pick,second_round,2022-05-14,2025-06-26,false,,,,,MEM,2025,56,,,,,"[""2022-05-14|bootstrap_from_event|held""]"
edg_ast_mem_pick_2025_2_nop_1e3c6a954b_state_start_m_f9c783d22c,state_start_mem_20220514,state_end_mem_20260226,ast_mem_pick_2025_2_nop_1e3c6a954b,pick_2025_2_nop,future_draft_pick,second_round,2022-05-14,,true,,,,owned_pick_start_state,NOP,2025,,,,,,"[""2022-05-14|initial_state|held""]"
edg_ast_mem_pick_2025_2_nop_in_00b86b7531_state_star_84c218c81e,state_start_mem_20220514,evt_mem_evt_20230711_trade_swap_phx_2023_07_11_trade_2983cec30d,ast_mem_pick_2025_2_nop_in_00b86b7531,pick_2025_2_nop_in,future_draft_pick,second_round,2022-05-14,2023-07-11,false,,,,,NOP,2025,,,,,,"[""2022-05-14|bootstrap_from_event|held""]"
edg_ast_mem_pick_2025_2_was_in_8636c672eb_evt_mem_ev_b19a183ae4,evt_mem_evt_20250206_trade_deadline_2025_02_06_trade_fe97bce1ad,state_end_mem_20260226,ast_mem_pick_2025_2_was_in_8636c672eb,pick_2025_2_was_in,future_draft_pick,second_round,2025-02-06,,true,,,,trade,WAS,2025,,,,,,"[""2025-02-06|trade|acquire""]"
edg_ast_mem_pick_2026_1_mem_5efd214042_state_start_m_579ed3b5d0,state_start_mem_20220514,state_end_mem_20260226,ast_mem_pick_2026_1_mem_5efd214042,pick_2026_1_mem,future_draft_pick,first_round,2022-05-14,,true,,,,owned_pick_start_state,MEM,2026,,,,,,"[""2022-05-14|initial_state|held""]"
edg_ast_mem_pick_2026_1_swap_rights_mem_orl_72c2863d_fcf4f7d6e4,state_start_mem_20220514,evt_mem_evt_20250615_trade_bane_2025_06_15_trade_de9587a20e,ast_mem_pick_2026_1_swap_rights_mem_orl_72c2863d01,pick_2026_1_swap_rights_mem_orl,future_draft_pick,first_round,2022-05-14,2025-06-15,false,,,,,MEM/ORL,2026,,,,2026 first-round swap rights conveyed to ORL,,"[""2022-05-14|bootstrap_from_event|held""]"
edg_ast_mem_pick_2026_2_mem_a0eff31010_state_start_m_4d0382c09a,state_start_mem_20220514,state_end_mem_20260226,ast_mem_pick_2026_2_mem_a0eff31010,pick_2026_2_mem,future_draft_pick,second_round,2022-05-14,,true,,,,owned_pick_start_state,MEM,2026,,,,,,"[""2022-05-14|initial_state|held""]"
edg_ast_mem_pick_2026_2_swap_rights_lac_19177cafc6_e_26f4ed6d06,evt_mem_evt_20230209_trade_kennard_2023_02_09_trade_bc5e54ca9a,state_end_mem_20260226,ast_mem_pick_2026_2_swap_rights_lac_19177cafc6,pick_2026_2_swap_rights_lac,future_draft_pick,second_round,2023-02-09,,true,,,,trade,LAC,2026,,,,Second-round swap right acquired in Kennard trade,,"[""2023-02-09|trade|acquire""]"
edg_ast_mem_pick_2027_1_lal_conditional_in_281f2f39f_8bf2787a67,evt_mem_evt_20260203_trade_jjj_2026_02_03_trade_db62e31a6e,state_end_mem_20260226,ast_mem_pick_2027_1_lal_conditional_in_281f2f39fe,pick_2027_1_lal_conditional_in,future_draft_pick,first_round,2026-02-03,,true,,,,trade,LAL,2027,,Conditional LAL 2027 first-round pick,,,,"[""2026-02-03|trade|acquire""]"
edg_ast_mem_pick_2027_1_mem_bf18d7d771_state_start_m_4634a34268,state_start_mem_20220514,state_end_mem_20260226,ast_mem_pick_2027_1_mem_bf18d7d771,pick_2027_1_mem,future_draft_pick,first_round,2022-05-14,,true,,,,owned_pick_start_state,MEM,2027,,,,,,"[""2022-05-14|initial_state|held""]"
edg_ast_mem_pick_2027_1_more_favorable_phx_phi_4edfe_7c15648862,evt_mem_evt_20260203_trade_jjj_2026_02_03_trade_db62e31a6e,state_end_mem_20260226,ast_mem_pick_2027_1_more_favorable_phx_phi_4edfecb031,pick_2027_1_more_favorable_phx_phi,future_draft_pick,first_round,2026-02-03,,true,,,,trade,PHX/PHI,2027,,More favorable of PHX and PHI 2027 first,,,,"[""2026-02-03|trade|acquire""]"
edg_ast_mem_pick_2027_2_atl_in_4d674f63b9_evt_mem_ev_9f69f8cdbb,evt_mem_evt_20240207_trade_tillman_2024_02_07_trade_939df12fd4,evt_mem_evt_20250625_trade_up_cedric_2025_06_25_trad_8d1c8e0f53,ast_mem_pick_2027_2_atl_in_4d674f63b9,pick_2027_2_atl_in,future_draft_pick,second_round,2024-02-07,2025-06-25,false,,,,trade,ATL,2027,,,,,,"[""2024-02-07|trade|acquire""]"
edg_ast_mem_pick_2027_2_mem_7ab926c180_state_start_m_674590e8e4,state_start_mem_20220514,evt_mem_evt_20230209_trade_kennard_2023_02_09_trade_bc5e54ca9a,ast_mem_pick_2027_2_mem_7ab926c180,pick_2027_2_mem,future_draft_pick,second_round,2022-05-14,2023-02-09,false,,,,owned_pick_start_state,MEM,2027,,,,,,"[""2022-05-14|initial_state|held""]"
edg_ast_mem_pick_2028_1_mem_9efe5f9598_state_start_m_58df3abeef,state_start_mem_20220514,state_end_mem_20260226,ast_mem_pick_2028_1_mem_9efe5f9598,pick_2028_1_mem,future_draft_pick,first_round,2022-05-14,,true,,,,owned_pick_start_state,MEM,2028,,,,,,"[""2022-05-14|initial_state|held""]"
edg_ast_mem_pick_2028_1_orl_in_f734e74c62_evt_mem_ev_029f5798bd,evt_mem_evt_20250615_trade_bane_2025_06_15_trade_de9587a20e,evt_mem_evt_20250625_trade_up_cedric_2025_06_25_trad_8d1c8e0f53,ast_mem_pick_2028_1_orl_in_f734e74c62,pick_2028_1_orl_in,future_draft_pick,first_round,2025-06-15,2025-06-25,false,,,,trade,ORL,2028,,,,,,"[""2025-06-15|trade|acquire""]"
edg_ast_mem_pick_2028_2_mem_d7e4aed745_state_start_m_b7e3a54b74,state_start_mem_20220514,state_end_mem_20260226,ast_mem_pick_2028_2_mem_d7e4aed745,pick_2028_2_mem,future_draft_pick,second_round,2022-05-14,,true,,,,owned_pick_start_state,MEM,2028,,,,,,"[""2022-05-14|initial_state|held"", ""2022-05-14|initial_state|held""]"
edg_ast_mem_pick_2028_2_mem_in_ebd389e5a6_state_star_da3b738b91,state_start_mem_20220514,evt_mem_evt_20230711_trade_swap_phx_2023_07_11_trade_2983cec30d,ast_mem_pick_2028_2_mem_in_ebd389e5a6,pick_2028_2_mem_in,future_draft_pick,second_round,2022-05-14,2023-07-11,false,,,,,MEM,2028,,,,,,"[""2022-05-14|bootstrap_from_event|held""]"
edg_ast_mem_pick_2028_2_sac_in_a903c2550d_evt_mem_ev_7ad78651cd,evt_mem_evt_20250206_trade_deadline_2025_02_06_trade_fe97bce1ad,evt_mem_evt_20250625_trade_up_cedric_2025_06_25_trad_8d1c8e0f53,ast_mem_pick_2028_2_sac_in_a903c2550d,pick_2028_2_sac_in,future_draft_pick,second_round,2025-02-06,2025-06-25,false,,,,trade,SAC,2028,,,,,,"[""2025-02-06|trade|acquire""]"
edg_ast_mem_pick_2029_1_mem_49f0e59d83_state_start_m_6bbdbcac50,state_start_mem_20220514,state_end_mem_20260226,ast_mem_pick_2029_1_mem_49f0e59d83,pick_2029_1_mem,future_draft_pick,first_round,2022-05-14,,true,,,,owned_pick_start_state,MEM,2029,,,,,,"[""2022-05-14|initial_state|held""]"
edg_ast_mem_pick_2029_1_swap_orl_in_2efc2086f1_evt_m_982a77c7b9,evt_mem_evt_20250615_trade_bane_2025_06_15_trade_de9587a20e,state_end_mem_20260226,ast_mem_pick_2029_1_swap_orl_in_2efc2086f1,pick_2029_1_swap_orl_in,future_draft_pick,first_round,2025-06-15,,true,,,,trade,ORL/MEM,2029,,,,2029 first-round swap right,,"[""2025-06-15|trade|acquire""]"
edg_ast_mem_pick_2029_2_mem_961a334525_state_start_m_81e852fbe1,state_start_mem_20220514,state_end_mem_20260226,ast_mem_pick_2029_2_mem_961a334525,pick_2029_2_mem,future_draft_pick,second_round,2022-05-14,,true,,,,owned_pick_start_state,MEM,2029,,,,,,"[""2022-05-14|initial_state|held"", ""2022-05-14|initial_state|held""]"
edg_ast_mem_pick_2029_2_mem_in_b18fbd9758_state_star_a82e8fa46c,state_start_mem_20220514,evt_mem_evt_20230711_trade_swap_phx_2023_07_11_trade_2983cec30d,ast_mem_pick_2029_2_mem_in_b18fbd9758,pick_2029_2_mem_in,future_draft_pick,second_round,2022-05-14,2023-07-11,false,,,,,MEM,2029,,,,,,"[""2022-05-14|bootstrap_from_event|held""]"
edg_ast_mem_pick_2029_2_por_in_f2e80a9a21_evt_mem_ev_e47ec0bbbc,evt_mem_evt_20250706_trade_huff_2025_07_06_trade_f28376657d,state_end_mem_20260226,ast_mem_pick_2029_2_por_in_f2e80a9a21,pick_2029_2_por_in,future_draft_pick,second_round,2025-07-06,,true,,,,trade,POR,2029,,,,,,"[""2025-07-06|trade|acquire""]"
edg_ast_mem_pick_2030_1_mem_3c63b96658_state_start_m_2283a93b4a,state_start_mem_20220514,state_end_mem_20260226,ast_mem_pick_2030_1_mem_3c63b96658,pick_2030_1_mem,future_draft_pick,first_round,2022-05-14,,true,,,,owned_pick_start_state,MEM,2030,,,,,,"[""2022-05-14|initial_state|held""]"
edg_ast_mem_pick_2030_1_orl_in_f3343b70fd_evt_mem_ev_64968a4ba4,evt_mem_evt_20250615_trade_bane_2025_06_15_trade_de9587a20e,state_end_mem_20260226,ast_mem_pick_2030_1_orl_in_f3343b70fd,pick_2030_1_orl_in,future_draft_pick,first_round,2025-06-15,,true,,,,trade,ORL,2030,,,,,,"[""2025-06-15|trade|acquire""]"
edg_ast_mem_pick_2030_1_swap_rights_phx_815f1e4cb2_e_9eaf5685b3,evt_mem_evt_20230711_trade_swap_phx_2023_07_11_trade_2983cec30d,state_end_mem_20260226,ast_mem_pick_2030_1_swap_rights_phx_815f1e4cb2,pick_2030_1_swap_rights_phx,future_draft_pick,first_round,2023-07-11,,true,,,,trade,MEM/PHX,2030,,,,Right to swap 2030 first-round pick,,"[""2023-07-11|trade|acquire""]"
edg_ast_mem_pick_2030_2_dal_in_e5ead89f5c_evt_mem_ev_50a3fb9e23,evt_mem_evt_20240207_trade_tillman_2024_02_07_trade_939df12fd4,evt_mem_evt_20240719_trade_ziaire_2024_07_19_trade_fa0304be75,ast_mem_pick_2030_2_dal_in_e5ead89f5c,pick_2030_2_dal_in,future_draft_pick,second_round,2024-02-07,2024-07-19,false,,,,trade,DAL,2030,,,,,,"[""2024-02-07|trade|acquire""]"
edg_ast_mem_pick_2030_2_mem_10c1ef9879_state_start_m_42d6becbf4,state_start_mem_20220514,state_end_mem_20260226,ast_mem_pick_2030_2_mem_10c1ef9879,pick_2030_2_mem,future_draft_pick,second_round,2022-05-14,,true,,,,owned_pick_start_state,MEM,2030,,,,,,"[""2022-05-14|initial_state|held""]"
edg_ast_mem_pick_2030_2_mem_conditional_d3231eaa45_s_14a1b0a94f,state_start_mem_20220514,evt_mem_evt_20240706_trade_cam_spencer_2024_07_06_tr_bdb3fc634d,ast_mem_pick_2030_2_mem_conditional_d3231eaa45,pick_2030_2_mem_conditional,future_draft_pick,second_round,2022-05-14,2024-07-06,false,,,,,MEM,2030,,Conditional MEM 2030 second-round pick,,,,"[""2022-05-14|bootstrap_from_event|held""]"
edg_ast_mem_pick_2031_1_mem_7939217f2e_state_start_m_a171d513a3,state_start_mem_20220514,state_end_mem_20260226,ast_mem_pick_2031_1_mem_7939217f2e,pick_2031_1_mem,future_draft_pick,first_round,2022-05-14,,true,,,,owned_pick_start_state,MEM,2031,,,,,,"[""2022-05-14|initial_state|held""]"
edg_ast_mem_pick_2031_1_phx_in_e8b655bfbe_evt_mem_ev_13804d52fc,evt_mem_evt_20260203_trade_jjj_2026_02_03_trade_db62e31a6e,state_end_mem_20260226,ast_mem_pick_2031_1_phx_in_e8b655bfbe,pick_2031_1_phx_in,future_draft_pick,first_round,2026-02-03,,true,,,,trade,PHX,2031,,,,,,"[""2026-02-03|trade|acquire""]"
edg_ast_mem_pick_2031_2_mem_6b6c3a9372_state_start_m_fedaab2aad,state_start_mem_20220514,state_end_mem_20260226,ast_mem_pick_2031_2_mem_6b6c3a9372,pick_2031_2_mem,future_draft_pick,second_round,2022-05-14,,true,,,,owned_pick_start_state,MEM,2031,,,,,,"[""2022-05-14|initial_state|held""]"
edg_ast_mem_pick_2031_2_swap_rights_ind_2cfe6b2480_e_f0efb795cd,evt_mem_evt_20250706_trade_huff_2025_07_06_trade_f28376657d,state_end_mem_20260226,ast_mem_pick_2031_2_swap_rights_ind_2cfe6b2480,pick_2031_2_swap_rights_ind,future_draft_pick,second_round,2025-07-06,,true,,,,trade,IND/MEM,2031,,,,Right to swap 2031 second-round pick,,"[""2025-07-06|trade|acquire""]"
edg_ast_mem_pick_2032_1_mem_f88d6df3a5_state_start_m_b97209f8e7,state_start_mem_20220514,state_end_mem_20260226,ast_mem_pick_2032_1_mem_f88d6df3a5,pick_2032_1_mem,future_draft_pick,first_round,2022-05-14,,true,,,,owned_pick_start_state,MEM,2032,,,,,,"[""2022-05-14|initial_state|held""]"
edg_ast_mem_pick_2032_2_gsw_in_782be6ba12_evt_mem_ev_1bcf7dbd28,evt_mem_evt_20250706_trade_will_for_jessup_2025_07_0_4805811c2b,state_end_mem_20260226,ast_mem_pick_2032_2_gsw_in_782be6ba12,pick_2032_2_gsw_in,future_draft_pick,second_round,2025-07-06,,true,,,,trade,GSW,2032,,,,,,"[""2025-07-06|trade|acquire""]"
edg_ast_mem_pick_2032_2_mem_da7efe5310_state_start_m_9b39f78046,state_start_mem_20220514,state_end_mem_20260226,ast_mem_pick_2032_2_mem_da7efe5310,pick_2032_2_mem,future_draft_pick,second_round,2022-05-14,,true,,,,owned_pick_start_state,MEM,2032,,,,,,"[""2022-05-14|initial_state|held""]"
edg_ast_mem_pick_2032_2_swap_rights_phi_fb7e699400_e_38cd61ace8,evt_mem_evt_20260205_trade_jessup_2026_02_05_trade_d6d170dd00,state_end_mem_20260226,ast_mem_pick_2032_2_swap_rights_phi_fb7e699400,pick_2032_2_swap_rights_phi,future_draft_pick,second_round,2026-02-05,,true,,,,trade,PHI/MEM,2032,,,,2032 second-round pick swap right,,"[""2026-02-05|trade|acquire""]"
edg_ast_mem_player_bismack_biyombo_6733e0f471_evt_me_7d126a886c,evt_mem_evt_20231101_sign_biyombo_2023_11_01_contrac_ea934e1a06,evt_mem_evt_20240110_waive_biyombo_2024_01_10_waiver_dfb7db7057,ast_mem_player_bismack_biyombo_6733e0f471,player_bismack_biyombo,full_roster,player_contract,2023-11-01,2024-01-10,false,Bismack Biyombo,,,contract_signing,,,,,,,,"[""2023-11-01|contract_signing|acquire""]"
edg_ast_mem_player_brandon_clarke_ba5a95433e_state_s_0b931dc7f5,state_start_mem_20220514,evt_mem_evt_20221016_ext_clarke_2022_10_16_extension_5b69b38405,ast_mem_player_brandon_clarke_ba5a95433e,player_brandon_clarke,full_roster,player_contract,2022-05-14,2022-10-16,false,Brandon Clarke,2024,4.34,carryover_2021_22,,,,,,,,"[""2022-05-14|initial_state|held""]"
edg_ast_mem_player_brandon_clarke_ba5a95433e_evt_mem_cb4b79a1ae,evt_mem_evt_20221016_ext_clarke_2022_10_16_extension_5b69b38405,state_end_mem_20260226,ast_mem_player_brandon_clarke_ba5a95433e,player_brandon_clarke,full_roster,player_contract,2022-10-16,,true,Brandon Clarke,2027,12.5,extension,,,,,,,,"[""2022-05-14|initial_state|held"", ""2022-10-16|extension|modify""]"
edg_ast_mem_player_braxton_key_64945fb61e_evt_mem_ev_950204f7b7,evt_mem_evt_20250923_sign_braxton_key_2025_09_23_con_4f4944cc65,evt_mem_evt_20251018_waive_braxton_key_2025_10_18_wa_3f443d0bbe,ast_mem_player_braxton_key_64945fb61e,player_braxton_key,full_roster,player_contract,2025-09-23,2025-10-18,false,Braxton Key,,,contract_signing,,,,,,,,"[""2025-09-23|contract_signing|acquire""]"
edg_ast_mem_player_cam_spencer_4fabe1c483_evt_mem_ev_4328f0ed51,evt_mem_evt_20240706_trade_cam_spencer_2024_07_06_tr_bdb3fc634d,evt_mem_evt_20240708_sign_cam_two_way_2024_07_08_con_f778add05a,ast_mem_player_cam_spencer_4fabe1c483,player_cam_spencer,full_roster,draft_rights,2024-07-06,2024-07-08,false,Cam Spencer,,,draft_night_trade,,,,,,,,"[""2024-07-06|trade|acquire""]"
edg_ast_mem_player_cam_spencer_4fabe1c483_evt_mem_ev_6e14457fc1,evt_mem_evt_20240708_sign_cam_two_way_2024_07_08_con_f778add05a,evt_mem_evt_20250714_re_sign_cam_2025_07_14_re_signi_d7e85d402a,ast_mem_player_cam_spencer_4fabe1c483,player_cam_spencer,two_way,two_way_contract,2024-07-08,2025-07-14,false,Cam Spencer,,,two_way_signing,,,,,,,,"[""2024-07-06|trade|acquire"", ""2024-07-08|contract_signing|modify""]"
edg_ast_mem_player_cam_spencer_4fabe1c483_evt_mem_ev_d31841a968,evt_mem_evt_20250714_re_sign_cam_2025_07_14_re_signi_d7e85d402a,state_end_mem_20260226,ast_mem_player_cam_spencer_4fabe1c483,player_cam_spencer,two_way,two_way_contract,2025-07-14,,true,Cam Spencer,,,re_signing,,,,,,,,"[""2024-07-06|trade|acquire"", ""2024-07-08|contract_signing|modify"", ""2025-07-14|re_signing|modify""]"
edg_ast_mem_player_cedric_coward_331614329d_evt_mem__787b1ad248,evt_mem_evt_20250625_trade_up_cedric_2025_06_25_trad_8d1c8e0f53,evt_mem_evt_20250707_sign_cedric_2025_07_07_contract_61b8010e40,ast_mem_player_cedric_coward_331614329d,player_cedric_coward,full_roster,draft_rights,2025-06-25,2025-07-07,false,Cedric Coward,,,draft_night_trade,,,,,,,,"[""2025-06-25|trade|acquire""]"
edg_ast_mem_player_cedric_coward_331614329d_evt_mem__1dce568838,evt_mem_evt_20250707_sign_cedric_2025_07_07_contract_61b8010e40,state_end_mem_20260226,ast_mem_player_cedric_coward_331614329d,player_cedric_coward,full_roster,player_contract,2025-07-07,,true,Cedric Coward,,,rookie_scale_signing,,,,,,,,"[""2025-06-25|trade|acquire"", ""2025-07-07|contract_signing|modify""]"
edg_ast_mem_player_charles_bassey_17b4496b3d_evt_mem_feb4f3bdf1,evt_mem_evt_20251027_sign_bassey_2025_10_27_contract_226f74bedc,state_end_mem_20260226,ast_mem_player_charles_bassey_17b4496b3d,player_charles_bassey,full_roster,player_contract,2025-10-27,,true,Charles Bassey,,,contract_signing,,,,,,,,"[""2025-10-27|contract_signing|acquire""]"
edg_ast_mem_player_christian_koloko_6a531ce7d6_evt_m_c254d8015b,evt_mem_evt_20251222_sign_koloko_2025_12_22_contract_7e11d111e6,evt_mem_evt_20260102_sign_koloko_again_2026_01_02_co_a6bfa979f7,ast_mem_player_christian_koloko_6a531ce7d6,player_christian_koloko,full_roster,player_contract,2025-12-22,2026-01-02,false,Christian Koloko,,,10_day_signing,,,,,,,,"[""2025-12-22|contract_signing|acquire""]"
edg_ast_mem_player_christian_koloko_6a531ce7d6_evt_m_7f76f45dcd,evt_mem_evt_20260102_sign_koloko_again_2026_01_02_co_a6bfa979f7,state_end_mem_20260226,ast_mem_player_christian_koloko_6a531ce7d6,player_christian_koloko,full_roster,player_contract,2026-01-02,,true,Christian Koloko,,,10_day_signing,,,,,,,,"[""2025-12-22|contract_signing|acquire"", ""2026-01-02|contract_signing|modify""]"
edg_ast_mem_player_cole_anthony_20e747f459_evt_mem_e_d367b22315,evt_mem_evt_20250615_trade_bane_2025_06_15_trade_de9587a20e,evt_mem_evt_20250712_waive_cole_2025_07_12_waiver_5b14489da7,ast_mem_player_cole_anthony_20e747f459,player_cole_anthony,full_roster,player_contract,2025-06-15,2025-07-12,false,Cole Anthony,,,trade,,,,,,,,"[""2025-06-15|trade|acquire""]"
edg_ast_mem_player_colin_castleton_aa95520d04_evt_me_1308c75a2f,evt_mem_evt_20241030_sign_castleton_two_way_2024_10__f294583cc6,evt_mem_evt_20250110_end_castleton_two_way_2025_01_1_37b78efdf3,ast_mem_player_colin_castleton_aa95520d04,player_colin_castleton,two_way,two_way_contract,2024-10-30,2025-01-10,false,Colin Castleton,,,two_way_signing,,,,,,,,"[""2024-10-30|contract_signing|acquire""]"
edg_ast_mem_player_dakota_mathias_9edc8c7ec5_evt_mem_81f8b85e58,evt_mem_evt_20221014_sign_mathias_2022_10_14_contrac_d71713d84c,evt_mem_evt_20221015_waive_mathias_2022_10_15_waiver_60b0d783cc,ast_mem_player_dakota_mathias_9edc8c7ec5,player_dakota_mathias,full_roster,player_contract,2022-10-14,2022-10-15,false,Dakota Mathias,,,camp_signing,,,,,,,,"[""2022-10-14|contract_signing|acquire""]"
edg_ast_mem_player_danny_green_74d1c879e1_evt_mem_ev_b8c7cb0b64,evt_mem_evt_20220624_trade_melton_2022_06_24_trade_ca4de59eae,evt_mem_evt_20230209_trade_kennard_2023_02_09_trade_bc5e54ca9a,ast_mem_player_danny_green_74d1c879e1,player_danny_green,full_roster,player_contract,2022-06-24,2023-02-09,false,Danny Green,2022,10.0,trade,,,,,,,,"[""2022-05-14|initial_state|held"", ""2022-06-24|trade|acquire""]"
edg_ast_mem_player_david_roddy_f66e9d4c45_evt_mem_ev_b1d7e7f916,evt_mem_evt_20220624_trade_melton_2022_06_24_trade_ca4de59eae,evt_mem_evt_20220701_sign_roddy_2022_07_01_contract__aa2bd845e7,ast_mem_player_david_roddy_f66e9d4c45,player_david_roddy,full_roster,draft_rights,2022-06-24,2022-07-01,false,David Roddy,,,draft_night_trade,,,,,,,,"[""2022-06-24|trade|acquire""]"
edg_ast_mem_player_david_roddy_f66e9d4c45_evt_mem_ev_5119bf33cc,evt_mem_evt_20220701_sign_roddy_2022_07_01_contract__aa2bd845e7,state_end_mem_20260226,ast_mem_player_david_roddy_f66e9d4c45,player_david_roddy,full_roster,player_contract,2022-07-01,,true,David Roddy,,,rookie_scale_signing,,,,,,,,"[""2022-06-24|trade|acquire"", ""2022-07-01|contract_signing|modify""]"
edg_ast_mem_player_deanthony_melton_26e514f787_state_7e64feb652,state_start_mem_20220514,evt_mem_evt_20220624_trade_melton_2022_06_24_trade_ca4de59eae,ast_mem_player_deanthony_melton_26e514f787,player_deanthony_melton,full_roster,player_contract,2022-05-14,2022-06-24,false,De'Anthony Melton,2024,8.0,carryover_2021_22,,,,,,,,"[""2022-05-14|initial_state|held""]"
edg_ast_mem_player_dejon_jarreau_724485086d_evt_mem__3910b1cf40,evt_mem_evt_20240310_sign_dejon_jarreau_2024_03_10_c_088166e60a,evt_mem_evt_20240320_sign_dejon_jarreau_again_2024_0_16c4d2b542,ast_mem_player_dejon_jarreau_724485086d,player_dejon_jarreau,full_roster,player_contract,2024-03-10,2024-03-20,false,DeJon Jarreau,,,contract_signing,,,,,,,,"[""2024-03-10|contract_signing|acquire""]"
edg_ast_mem_player_dejon_jarreau_724485086d_evt_mem__9f6e2e53fb,evt_mem_evt_20240320_sign_dejon_jarreau_again_2024_0_16c4d2b542,state_end_mem_20260226,ast_mem_player_dejon_jarreau_724485086d,player_dejon_jarreau,full_roster,player_contract,2024-03-20,,true,DeJon Jarreau,,,contract_signing,,,,,,,,"[""2024-03-10|contract_signing|acquire"", ""2024-03-20|contract_signing|modify""]"
edg_ast_mem_player_derrick_rose_1d9e62cc5a_evt_mem_e_7a046a6b85,evt_mem_evt_20230703_sign_rose_2023_07_03_contract_s_77eed0e88a,evt_mem_evt_20240923_waive_rose_2024_09_23_waiver_0815a5ab85,ast_mem_player_derrick_rose_1d9e62cc5a,player_derrick_rose,full_roster,player_contract,2023-07-03,2024-09-23,false,Derrick Rose,,3.4,contract_signing,,,,,,,,"[""2023-07-03|contract_signing|acquire""]"
edg_ast_mem_player_desmond_bane_7ab119c9e6_state_sta_6855fc4ee6,state_start_mem_20220514,evt_mem_evt_20230708_ext_bane_2023_07_08_extension_efd6dd2826,ast_mem_player_desmond_bane_7ab119c9e6,player_desmond_bane,full_roster,player_contract,2022-05-14,2023-07-08,false,Desmond Bane,2024,2.13,carryover_2021_22,,,,,,,,"[""2022-05-14|initial_state|held""]"
edg_ast_mem_player_desmond_bane_7ab119c9e6_evt_mem_e_89ecafe61a,evt_mem_evt_20230708_ext_bane_2023_07_08_extension_efd6dd2826,evt_mem_evt_20250615_trade_bane_2025_06_15_trade_de9587a20e,ast_mem_player_desmond_bane_7ab119c9e6,player_desmond_bane,full_roster,player_contract,2023-07-08,2025-06-15,false,Desmond Bane,2029,39.0,rookie_scale_extension,,,,,,,,"[""2022-05-14|initial_state|held"", ""2023-07-08|extension|modify""]"
edg_ast_mem_player_dillon_brooks_bcedacdd64_state_st_3476368900,state_start_mem_20220514,evt_mem_evt_20230708_trade_brooks_2023_07_08_trade_16af7da464,ast_mem_player_dillon_brooks_bcedacdd64,player_dillon_brooks,full_roster,player_contract,2022-05-14,2023-07-08,false,Dillon Brooks,2023,11.4,carryover_2021_22,,,,,,,,"[""2022-05-14|initial_state|held""]"
edg_ast_mem_player_ej_onu_71dd912c8c_evt_mem_evt_202_41f69e9db9,evt_mem_evt_20221013_sign_onu_2022_10_13_contract_si_9142e46a3c,evt_mem_evt_20221014_waive_onu_2022_10_14_waiver_f54115a1cc,ast_mem_player_ej_onu_71dd912c8c,player_ej_onu,full_roster,player_contract,2022-10-13,2022-10-14,false,EJ Onu,,,camp_signing,,,,,,,,"[""2022-10-13|contract_signing|acquire""]"
edg_ast_mem_player_eric_gordon_d04d30c738_evt_mem_ev_482ae6070a,evt_mem_evt_20260205_trade_jessup_2026_02_05_trade_d6d170dd00,evt_mem_evt_20260206_waive_gordon_2026_02_06_waiver_12d56f9905,ast_mem_player_eric_gordon_d04d30c738,player_eric_gordon,full_roster,player_contract,2026-02-05,2026-02-06,false,Eric Gordon,,,trade,,,,,,,,"[""2026-02-05|trade|acquire""]"
edg_ast_mem_player_georges_niang_4a28ce7943_evt_mem__5df9f0303a,evt_mem_evt_20260203_trade_jjj_2026_02_03_trade_db62e31a6e,evt_mem_evt_20260205_waive_niang_2026_02_05_waiver_a8cd4e8d6f,ast_mem_player_georges_niang_4a28ce7943,player_georges_niang,full_roster,player_contract,2026-02-03,2026-02-05,false,Georges Niang,,,trade,,,,,,,,"[""2026-02-03|trade|acquire""]"
edg_ast_mem_player_gg_jackson_c995d2aa42_evt_mem_evt_e84b3b5346,evt_mem_evt_20230622_draft_gg_2023_06_22_draft_pick_397e2cb645,evt_mem_evt_20230831_sign_gg_two_way_2023_08_31_cont_4e60897729,ast_mem_player_gg_jackson_c995d2aa42,player_gg_jackson,full_roster,draft_pick,2023-06-22,2023-08-31,false,GG Jackson,,,draft_pick,,,,,,,,"[""2023-06-22|draft_pick|acquire""]"
edg_ast_mem_player_gg_jackson_c995d2aa42_evt_mem_evt_1e744aa637,evt_mem_evt_20230831_sign_gg_two_way_2023_08_31_cont_4e60897729,evt_mem_evt_20240209_conv_gg_2024_02_09_conversion_c3f2b10c89,ast_mem_player_gg_jackson_c995d2aa42,player_gg_jackson,two_way,two_way_contract,2023-08-31,2024-02-09,false,GG Jackson,,,two_way_signing,,,,,,,,"[""2023-06-22|draft_pick|acquire"", ""2023-08-31|contract_signing|modify""]"
edg_ast_mem_player_gg_jackson_c995d2aa42_evt_mem_evt_0a1a83083f,evt_mem_evt_20240209_conv_gg_2024_02_09_conversion_c3f2b10c89,state_end_mem_20260226,ast_mem_player_gg_jackson_c995d2aa42,player_gg_jackson,full_roster,player_contract,2024-02-09,,true,GG Jackson,,,conversion,,,,,,,,"[""2023-06-22|draft_pick|acquire"", ""2023-08-31|contract_signing|modify"", ""2024-02-09|conversion|modify""]"
edg_ast_mem_player_isaiah_todd_d12e78b82e_evt_mem_ev_9210bb1b0c,evt_mem_evt_20230711_trade_swap_phx_2023_07_11_trade_2983cec30d,evt_mem_evt_20230930_waive_todd_2023_09_30_waiver_aef4974701,ast_mem_player_isaiah_todd_d12e78b82e,player_isaiah_todd,full_roster,player_contract,2023-07-11,2023-09-30,false,Isaiah Todd,,,trade,,,,,,,,"[""2023-07-11|trade|acquire""]"
edg_ast_mem_player_ja_morant_cd090610e1_state_start__1fecd04ca5,state_start_mem_20220514,evt_mem_evt_20220706_ext_morant_2022_07_06_extension_40a0fefa33,ast_mem_player_ja_morant_cd090610e1,player_ja_morant,full_roster,player_contract,2022-05-14,2022-07-06,false,Ja Morant,2024,12.12,carryover_2021_22,,,,,,,,"[""2022-05-14|initial_state|held""]"
edg_ast_mem_player_ja_morant_cd090610e1_evt_mem_evt__c3449e25ed,evt_mem_evt_20220706_ext_morant_2022_07_06_extension_40a0fefa33,state_end_mem_20260226,ast_mem_player_ja_morant_cd090610e1,player_ja_morant,full_roster,player_contract,2022-07-06,,true,Ja Morant,2028,39.5,rookie_scale_extension,,,,,,,,"[""2022-05-14|initial_state|held"", ""2022-07-06|extension|modify""]"
edg_ast_mem_player_jack_white_54aef2934d_evt_mem_evt_040bc77fc2,evt_mem_evt_20240409_sign_jack_white_2024_04_09_cont_b45abe732b,state_end_mem_20260226,ast_mem_player_jack_white_54aef2934d,player_jack_white,full_roster,player_contract,2024-04-09,,true,Jack White,,,contract_signing,,,,,,,,"[""2024-04-09|contract_signing|acquire""]"
edg_ast_mem_player_jacob_gilyard_26e10dd365_evt_mem__881c430d5b,evt_mem_evt_20220923_sign_gilyard_2022_09_23_contrac_6e990792bd,evt_mem_evt_20221010_waive_gilyard_2022_10_10_waiver_8d3ee58ccd,ast_mem_player_jacob_gilyard_26e10dd365,player_jacob_gilyard,two_way,two_way_contract,2022-09-23,2022-10-10,false,Jacob Gilyard,,,two_way_signing,,,,,,,,"[""2022-09-23|contract_signing|acquire""]"
edg_ast_mem_player_jacob_gilyard_26e10dd365_evt_mem__32310e9e6d,evt_mem_evt_20230408_sign_gilyard_two_way_2023_04_08_4052eadb0a,evt_mem_evt_20240224_sign_goodwin_two_way_2024_02_24_72bf1b3644,ast_mem_player_jacob_gilyard_26e10dd365,player_jacob_gilyard,two_way,two_way_contract,2023-04-08,2024-02-24,false,Jacob Gilyard,,,two_way_signing,,,,,,,,"[""2022-09-23|contract_signing|acquire"", ""2022-10-10|waiver|terminate"", ""2023-04-08|contract_signing|acquire""]"
edg_ast_mem_player_jahmai_mashack_5e02abbc05_evt_mem_182cb0d881,evt_mem_evt_20251116_sign_jahmai_two_way_2025_11_16__5ce8f79304,state_end_mem_20260226,ast_mem_player_jahmai_mashack_5e02abbc05,player_jahmai_mashack,two_way,two_way_contract,2025-11-16,,true,Jahmai Mashack,,,two_way_signing,,,,,,,,"[""2025-07-06|trade|acquire"", ""2025-11-16|contract_signing|acquire""]"
edg_ast_mem_player_jake_laravia_7bb7c89164_evt_mem_e_d8b9c6c96d,evt_mem_evt_20220624_trade_laravia_2022_06_24_trade_2172abbf6c,evt_mem_evt_20220701_sign_laravia_2022_07_01_contrac_efe440ddbd,ast_mem_player_jake_laravia_7bb7c89164,player_jake_laravia,full_roster,draft_rights,2022-06-24,2022-07-01,false,Jake LaRavia,,,draft_night_trade,,,,,,,,"[""2022-06-24|trade|acquire""]"
edg_ast_mem_player_jake_laravia_7bb7c89164_evt_mem_e_07f81ceb61,evt_mem_evt_20220701_sign_laravia_2022_07_01_contrac_efe440ddbd,evt_mem_evt_20250206_trade_deadline_2025_02_06_trade_fe97bce1ad,ast_mem_player_jake_laravia_7bb7c89164,player_jake_laravia,full_roster,player_contract,2022-07-01,2025-02-06,false,Jake LaRavia,,,rookie_scale_signing,,,,,,,,"[""2022-06-24|trade|acquire"", ""2022-07-01|contract_signing|modify""]"
edg_ast_mem_player_james_huff_eabb3709ce_evt_mem_evt_38555831f3,evt_mem_evt_20240724_sign_huff_two_way_2024_07_24_co_986fb34906,evt_mem_evt_20241028_conv_huff_2024_10_28_conversion_5e6e9c63fd,ast_mem_player_james_huff_eabb3709ce,player_james_huff,two_way,two_way_contract,2024-07-24,2024-10-28,false,James Huff,,,two_way_signing,,,,,,,,"[""2024-07-24|contract_signing|acquire""]"
edg_ast_mem_player_james_huff_eabb3709ce_evt_mem_evt_bbf6601abb,evt_mem_evt_20241028_conv_huff_2024_10_28_conversion_5e6e9c63fd,evt_mem_evt_20250706_trade_huff_2025_07_06_trade_f28376657d,ast_mem_player_james_huff_eabb3709ce,player_james_huff,full_roster,player_contract,2024-10-28,2025-07-06,false,James Huff,,,conversion,,,,,,,,"[""2024-07-24|contract_signing|acquire"", ""2024-10-28|conversion|modify""]"
edg_ast_mem_player_jaren_jackson_jr_f365479aec_state_a4888ec192,state_start_mem_20220514,evt_mem_evt_20250713_ext_jaren_2025_07_13_extension_31d284db85,ast_mem_player_jaren_jackson_jr_f365479aec,player_jaren_jackson_jr,full_roster,player_contract,2022-05-14,2025-07-13,false,Jaren Jackson Jr.,2026,26.4,carryover_2021_22,,,,,,,,"[""2022-05-14|initial_state|held""]"
edg_ast_mem_player_jaren_jackson_jr_f365479aec_evt_m_13f53ed084,evt_mem_evt_20250713_ext_jaren_2025_07_13_extension_31d284db85,evt_mem_evt_20260203_trade_jjj_2026_02_03_trade_db62e31a6e,ast_mem_player_jaren_jackson_jr_f365479aec,player_jaren_jackson_jr,full_roster,player_contract,2025-07-13,2026-02-03,false,Jaren Jackson Jr.,2030,52.5,extension,,,,,,,,"[""2022-05-14|initial_state|held"", ""2025-07-13|extension|modify""]"
edg_ast_mem_player_javon_small_b9e41a2a17_evt_mem_ev_053c35b05f,evt_mem_evt_20250626_draft_javon_small_2025_06_26_dr_4b013e5ff9,evt_mem_evt_20250710_sign_javon_two_way_2025_07_10_c_44b27a9bbf,ast_mem_player_javon_small_b9e41a2a17,player_javon_small,full_roster,draft_pick,2025-06-26,2025-07-10,false,Javon Small,,,draft_pick,,,,,,,,"[""2025-06-26|draft_pick|acquire""]"
edg_ast_mem_player_javon_small_b9e41a2a17_evt_mem_ev_82767de0d1,evt_mem_evt_20250710_sign_javon_two_way_2025_07_10_c_44b27a9bbf,state_end_mem_20260226,ast_mem_player_javon_small_b9e41a2a17,player_javon_small,two_way,two_way_contract,2025-07-10,,true,Javon Small,,,two_way_signing,,,,,,,,"[""2025-06-26|draft_pick|acquire"", ""2025-07-10|contract_signing|modify""]"
edg_ast_mem_player_jaylen_nowell_2046f880aa_evt_mem__fabe65b90c,evt_mem_evt_20231124_sign_jaylen_nowell_2023_11_24_c_0de952bb1a,state_end_mem_20260226,ast_mem_player_jaylen_nowell_2046f880aa,player_jaylen_nowell,full_roster,player_contract,2023-11-24,,true,Jaylen Nowell,,,contract_signing,,,,,,,,"[""2023-11-24|contract_signing|acquire""]"
edg_ast_mem_player_jaylen_wells_27e5e3ac1e_evt_mem_e_eb4a8ab0c0,evt_mem_evt_20240627_draft_wells_2024_06_27_draft_pi_4ec19121bf,evt_mem_evt_20240706_sign_jaylen_wells_2024_07_06_co_4f710b6071,ast_mem_player_jaylen_wells_27e5e3ac1e,player_jaylen_wells,full_roster,draft_pick,2024-06-27,2024-07-06,false,Jaylen Wells,,,draft_pick,,,,,,,,"[""2024-06-27|draft_pick|acquire""]"
edg_ast_mem_player_jaylen_wells_27e5e3ac1e_evt_mem_e_4d654e1c7f,evt_mem_evt_20240706_sign_jaylen_wells_2024_07_06_co_4f710b6071,state_end_mem_20260226,ast_mem_player_jaylen_wells_27e5e3ac1e,player_jaylen_wells,full_roster,player_contract,2024-07-06,,true,Jaylen Wells,,,rookie_scale_signing,,,,,,,,"[""2024-06-27|draft_pick|acquire"", ""2024-07-06|contract_signing|modify""]"
edg_ast_mem_player_jock_landale_ba95761c58_evt_mem_e_235cb8d232,evt_mem_evt_20250715_sign_jock_2025_07_15_contract_s_d094d41916,evt_mem_evt_20260203_trade_jjj_2026_02_03_trade_db62e31a6e,ast_mem_player_jock_landale_ba95761c58,player_jock_landale,full_roster,player_contract,2025-07-15,2026-02-03,false,Jock Landale,,,contract_signing,,,,,,,,"[""2025-07-15|contract_signing|acquire""]"
edg_ast_mem_player_john_konchar_bfb540fa8d_state_sta_02ec3ace12,state_start_mem_20220514,evt_mem_evt_20220707_ext_konchar_2022_07_07_extensio_8af6a02fc9,ast_mem_player_john_konchar_bfb540fa8d,player_john_konchar,full_roster,player_contract,2022-05-14,2022-07-07,false,John Konchar,2023,2.18,carryover_2021_22,,,,,,,,"[""2022-05-14|initial_state|held""]"
edg_ast_mem_player_john_konchar_bfb540fa8d_evt_mem_e_318f61674a,evt_mem_evt_20220707_ext_konchar_2022_07_07_extensio_8af6a02fc9,evt_mem_evt_20260203_trade_jjj_2026_02_03_trade_db62e31a6e,ast_mem_player_john_konchar_bfb540fa8d,player_john_konchar,full_roster,player_contract,2022-07-07,2026-02-03,false,John Konchar,2027,6.2,extension,,,,,,,,"[""2022-05-14|initial_state|held"", ""2022-07-07|extension|modify""]"
edg_ast_mem_player_johnny_davis_70aeb778a5_evt_mem_e_6a15cb56ea,evt_mem_evt_20250206_trade_deadline_2025_02_06_trade_fe97bce1ad,evt_mem_evt_20250221_waive_johnny_2025_02_21_waiver_72aa571ceb,ast_mem_player_johnny_davis_70aeb778a5,player_johnny_davis,full_roster,player_contract,2025-02-06,2025-02-21,false,Johnny Davis,,,trade,,,,,,,,"[""2025-02-06|trade|acquire""]"
edg_ast_mem_player_jordan_goodwin_082edf470d_evt_mem_0d89477f86,evt_mem_evt_20240224_sign_goodwin_two_way_2024_02_24_72bf1b3644,state_end_mem_20260226,ast_mem_player_jordan_goodwin_082edf470d,player_jordan_goodwin,two_way,two_way_contract,2024-02-24,,true,Jordan Goodwin,,,two_way_signing,,,,,,,,"[""2024-02-24|contract_signing|acquire""]"
edg_ast_mem_player_josh_christopher_b77e609687_evt_m_a81a8577f0,evt_mem_evt_20230708_trade_brooks_2023_07_08_trade_16af7da464,evt_mem_evt_20230930_waive_christopher_2023_09_30_wa_277e27ab56,ast_mem_player_josh_christopher_b77e609687,player_josh_christopher,full_roster,player_contract,2023-07-08,2023-09-30,false,Josh Christopher,,,trade,,,,,,,,"[""2023-07-08|trade|acquire""]"
edg_ast_mem_player_justin_bean_7ede504087_evt_mem_ev_a21b259709,evt_mem_evt_20220923_sign_justin_bean_2022_09_23_con_f5a6070232,evt_mem_evt_20221010_waive_justin_bean_2022_10_10_wa_70d641cb5a,ast_mem_player_justin_bean_7ede504087,player_justin_bean,full_roster,player_contract,2022-09-23,2022-10-10,false,Justin Bean,,,contract_signing,,,,,,,,"[""2022-09-23|contract_signing|acquire""]"
edg_ast_mem_player_justinian_jessup_322797a5e5_evt_m_51a29158f1,evt_mem_evt_20250706_trade_will_for_jessup_2025_07_0_4805811c2b,evt_mem_evt_20260205_trade_jessup_2026_02_05_trade_d6d170dd00,ast_mem_player_justinian_jessup_322797a5e5,player_justinian_jessup,full_roster,player_contract,2025-07-06,2026-02-05,false,Justinian Jessup,,,trade,,,,,,,,"[""2025-07-06|trade|acquire""]"
edg_ast_mem_player_kennedy_chandler_54b026578a_evt_m_2de203d093,evt_mem_evt_20220624_trade_chandler_2022_06_24_trade_a5f3307723,evt_mem_evt_20220706_sign_chandler_2022_07_06_contra_b0cba524ca,ast_mem_player_kennedy_chandler_54b026578a,player_kennedy_chandler,full_roster,draft_rights,2022-06-24,2022-07-06,false,Kennedy Chandler,,,draft_night_trade,,,,,,,,"[""2022-06-24|trade|acquire""]"
edg_ast_mem_player_kennedy_chandler_54b026578a_evt_m_2c487f7787,evt_mem_evt_20220706_sign_chandler_2022_07_06_contra_b0cba524ca,evt_mem_evt_20230408_waive_chandler_2023_04_08_waive_2b7f83e90a,ast_mem_player_kennedy_chandler_54b026578a,player_kennedy_chandler,full_roster,player_contract,2022-07-06,2023-04-08,false,Kennedy Chandler,,1.8,rookie_scale_signing,,,,,,,,"[""2022-06-24|trade|acquire"", ""2022-07-06|contract_signing|modify""]"
edg_ast_mem_player_kenny_lofton_jr_6a5c74021a_evt_me_03273cc1a3,evt_mem_evt_20220701_sign_lofton_2022_07_01_contract_53352675bf,evt_mem_evt_20230408_conv_lofton_2023_04_08_conversi_9cf83680b7,ast_mem_player_kenny_lofton_jr_6a5c74021a,player_kenny_lofton_jr,two_way,two_way_contract,2022-07-01,2023-04-08,false,Kenny Lofton Jr.,,,two_way_signing,,,,,,,,"[""2022-07-01|contract_signing|acquire""]"
edg_ast_mem_player_kenny_lofton_jr_6a5c74021a_evt_me_868819b404,evt_mem_evt_20230408_conv_lofton_2023_04_08_conversi_9cf83680b7,evt_mem_evt_20231218_waive_lofton_2023_12_18_waiver_dda3dd4718,ast_mem_player_kenny_lofton_jr_6a5c74021a,player_kenny_lofton_jr,full_roster,player_contract,2023-04-08,2023-12-18,false,Kenny Lofton Jr.,,,conversion,,,,,,,,"[""2022-07-01|contract_signing|acquire"", ""2023-04-08|conversion|modify""]"
edg_ast_mem_player_kentavious_caldwell_pope_31440506_7724e0450a,evt_mem_evt_20250615_trade_bane_2025_06_15_trade_de9587a20e,state_end_mem_20260226,ast_mem_player_kentavious_caldwell_pope_314405064e,player_kentavious_caldwell_pope,full_roster,player_contract,2025-06-15,,true,Kentavious Caldwell-Pope,,,trade,,,,,,,,"[""2025-06-15|trade|acquire""]"
edg_ast_mem_player_killian_tillie_a016de8188_state_s_e1da38371d,state_start_mem_20220514,evt_mem_evt_20221015_waive_tillie_2022_10_15_waiver_5332f329a1,ast_mem_player_killian_tillie_a016de8188,player_killian_tillie,full_roster,player_contract,2022-05-14,2022-10-15,false,Killian Tillie,2023,1.56,carryover_2021_22,,,,,,,,"[""2022-05-14|initial_state|held""]"
edg_ast_mem_player_kobe_bufkin_af8a3b5d9d_evt_mem_ev_3e5142d38e,evt_mem_evt_20251124_sign_bufkin_2025_11_24_contract_67b1f1c0ac,state_end_mem_20260226,ast_mem_player_kobe_bufkin_af8a3b5d9d,player_kobe_bufkin,full_roster,player_contract,2025-11-24,,true,Kobe Bufkin,,,contract_signing,,,,,,,,"[""2025-11-24|contract_signing|acquire""]"
edg_ast_mem_player_kyle_anderson_e23b5ad23c_evt_mem__c7fcd6d5ee,evt_mem_evt_20260203_trade_jjj_2026_02_03_trade_db62e31a6e,state_end_mem_20260226,ast_mem_player_kyle_anderson_e23b5ad23c,player_kyle_anderson,full_roster,player_contract,2026-02-03,,true,Kyle Anderson,2022,9.5,trade,,,,,,,,"[""2022-05-14|initial_state|held"", ""2026-02-03|trade|acquire""]"
edg_ast_mem_player_lamar_stevens_f88b3642ae_evt_mem__35b0592d1d,evt_mem_evt_20250221_sign_lamar_2025_02_21_contract__a0de33fef7,evt_mem_evt_20250303_sign_lamar_again_2025_03_03_con_b3fb0bd5e8,ast_mem_player_lamar_stevens_f88b3642ae,player_lamar_stevens,full_roster,player_contract,2025-02-21,2025-03-03,false,Lamar Stevens,,,10_day_signing,,,,,,,,"[""2024-02-07|trade|acquire"", ""2025-02-21|contract_signing|acquire""]"
edg_ast_mem_player_lamar_stevens_f88b3642ae_evt_mem__0ec77cab8e,evt_mem_evt_20250303_sign_lamar_again_2025_03_03_con_b3fb0bd5e8,evt_mem_evt_20250313_sign_lamar_rest_2025_03_13_cont_0f43f59e62,ast_mem_player_lamar_stevens_f88b3642ae,player_lamar_stevens,full_roster,player_contract,2025-03-03,2025-03-13,false,Lamar Stevens,,,10_day_signing,,,,,,,,"[""2024-02-07|trade|acquire"", ""2025-02-21|contract_signing|acquire"", ""2025-03-03|contract_signing|modify""]"
edg_ast_mem_player_lamar_stevens_f88b3642ae_evt_mem__af446499de,evt_mem_evt_20250313_sign_lamar_rest_2025_03_13_cont_0f43f59e62,state_end_mem_20260226,ast_mem_player_lamar_stevens_f88b3642ae,player_lamar_stevens,full_roster,player_contract,2025-03-13,,true,Lamar Stevens,,,rest_of_season_signing,,,,,,,,"[""2024-02-07|trade|acquire"", ""2025-02-21|contract_signing|acquire"", ""2025-03-03|contract_signing|modify"", ""2025-03-13|contract_signing|modify""]"
edg_ast_mem_player_lawson_lovering_e8456395dd_evt_me_91930f01e8,evt_mem_evt_20250906_sign_lawson_lovering_2025_09_06_585a1f9949,evt_mem_evt_20251018_waive_lawson_lovering_2025_10_1_c9e4959252,ast_mem_player_lawson_lovering_e8456395dd,player_lawson_lovering,full_roster,player_contract,2025-09-06,2025-10-18,false,Lawson Lovering,,,contract_signing,,,,,,,,"[""2025-09-06|contract_signing|acquire""]"
edg_ast_mem_player_lawson_lovering_e8456395dd_evt_me_726258bbf4,evt_mem_evt_20260209_sign_lawson_lovering_2026_02_09_d64b0cf22d,state_end_mem_20260226,ast_mem_player_lawson_lovering_e8456395dd,player_lawson_lovering,full_roster,player_contract,2026-02-09,,true,Lawson Lovering,,,contract_signing,,,,,,,,"[""2025-09-06|contract_signing|acquire"", ""2025-10-18|waiver|terminate"", ""2026-02-09|contract_signing|acquire""]"
edg_ast_mem_player_luke_kennard_f14f5d273c_evt_mem_e_ae2c87226b,evt_mem_evt_20230209_trade_kennard_2023_02_09_trade_bc5e54ca9a,evt_mem_evt_20240731_re_sign_kennard_2024_07_31_re_s_b55ac63e3e,ast_mem_player_luke_kennard_f14f5d273c,player_luke_kennard,full_roster,player_contract,2023-02-09,2024-07-31,false,Luke Kennard,,,trade,,,,,,,,"[""2023-02-09|trade|acquire""]"
edg_ast_mem_player_luke_kennard_f14f5d273c_evt_mem_e_8357638c56,evt_mem_evt_20240731_re_sign_kennard_2024_07_31_re_s_b55ac63e3e,state_end_mem_20260226,ast_mem_player_luke_kennard_f14f5d273c,player_luke_kennard,full_roster,player_contract,2024-07-31,,true,Luke Kennard,2025,9.25,re_signing,,,,,,,,"[""2023-02-09|trade|acquire"", ""2024-07-31|re_signing|modify""]"
edg_ast_mem_player_mamadi_diakite_2ec14923f8_evt_mem_44e226dc4a,evt_mem_evt_20240719_trade_ziaire_2024_07_19_trade_fa0304be75,evt_mem_evt_20240827_waive_diakite_2024_08_27_waiver_a4feecc3bb,ast_mem_player_mamadi_diakite_2ec14923f8,player_mamadi_diakite,full_roster,player_contract,2024-07-19,2024-08-27,false,Mamadi Diakite,,,trade,,,,,,,,"[""2024-07-19|trade|acquire""]"
edg_ast_mem_player_maozinha_pereira_179cc5f592_evt_m_569af978a6,evt_mem_evt_20240320_sign_maozinha_2024_03_20_contra_9b0860008c,state_end_mem_20260226,ast_mem_player_maozinha_pereira_179cc5f592,player_maozinha_pereira,full_roster,player_contract,2024-03-20,,true,Maozinha Pereira,,,contract_signing,,,,,,,,"[""2024-03-20|contract_signing|acquire""]"
edg_ast_mem_player_marcus_sasser_f6123c9955_state_st_590861b8dc,state_start_mem_20220514,evt_mem_evt_20230623_trade_smart_2023_06_23_trade_382f758ca0,ast_mem_player_marcus_sasser_f6123c9955,player_marcus_sasser,full_roster,draft_rights,2022-05-14,2023-06-23,false,Marcus Sasser,,,,,,,,,,,"[""2022-05-14|bootstrap_from_event|held""]"
edg_ast_mem_player_marcus_smart_4cd4f4a40d_evt_mem_e_25aba2e021,evt_mem_evt_20230623_trade_smart_2023_06_23_trade_382f758ca0,evt_mem_evt_20250206_trade_deadline_2025_02_06_trade_fe97bce1ad,ast_mem_player_marcus_smart_4cd4f4a40d,player_marcus_smart,full_roster,player_contract,2023-06-23,2025-02-06,false,Marcus Smart,,,trade,,,,,,,,"[""2023-06-23|trade|acquire""]"
edg_ast_mem_player_marvin_bagley_iii_ddc0b6a3bc_evt__0e3097d98f,evt_mem_evt_20250206_trade_deadline_2025_02_06_trade_fe97bce1ad,state_end_mem_20260226,ast_mem_player_marvin_bagley_iii_ddc0b6a3bc,player_marvin_bagley_iii,full_roster,player_contract,2025-02-06,,true,Marvin Bagley III,,,trade,,,,,,,,"[""2025-02-06|trade|acquire""]"
edg_ast_mem_player_matthew_hurt_ef714b6be1_state_sta_c925f4aa21,state_start_mem_20220514,evt_mem_evt_20231016_waive_matthew_hurt_2023_10_16_w_64ffd132cb,ast_mem_player_matthew_hurt_ef714b6be1,player_matthew_hurt,full_roster,player_contract,2022-05-14,2023-10-16,false,Matthew Hurt,,,waiver,,,,,,,,"[""2022-10-10|contract_signing|acquire"", ""2022-10-13|waiver|terminate""]"
edg_ast_mem_player_matthew_hurt_ef714b6be1_evt_mem_e_58c956b1ac,evt_mem_evt_20221010_sign_hurt_2022_10_10_contract_s_dbac3b88e8,evt_mem_evt_20221013_waive_hurt_2022_10_13_waiver_0d70307ef1,ast_mem_player_matthew_hurt_ef714b6be1,player_matthew_hurt,full_roster,player_contract,2022-10-10,2022-10-13,false,Matthew Hurt,,,camp_signing,,,,,,,,"[""2022-10-10|contract_signing|acquire""]"
edg_ast_mem_player_matthew_hurt_ef714b6be1_evt_mem_e_5b6b1cae28,evt_mem_evt_20240129_sign_matthew_hurt_2024_01_29_co_520640d055,evt_mem_evt_20240226_sign_matthew_hurt_2024_02_26_co_ceb1d7d934,ast_mem_player_matthew_hurt_ef714b6be1,player_matthew_hurt,full_roster,player_contract,2024-01-29,2024-02-26,false,Matthew Hurt,,,contract_signing,,,,,,,,"[""2022-10-10|contract_signing|acquire"", ""2022-10-13|waiver|terminate"", ""2023-10-16|waiver|terminate"", ""2024-01-29|contract_signing|acquire""]"
edg_ast_mem_player_matthew_hurt_ef714b6be1_evt_mem_e_161a3ea525,evt_mem_evt_20240226_sign_matthew_hurt_2024_02_26_co_ceb1d7d934,state_end_mem_20260226,ast_mem_player_matthew_hurt_ef714b6be1,player_matthew_hurt,full_roster,player_contract,2024-02-26,,true,Matthew Hurt,,,contract_signing,,,,,,,,"[""2022-10-10|contract_signing|acquire"", ""2022-10-13|waiver|terminate"", ""2023-10-16|waiver|terminate"", ""2024-01-29|contract_signing|acquire"", ""2024-02-26|contract_signing|modify""]"
edg_ast_mem_player_mychal_mulder_2a8b30e1bd_evt_mem__10bbfb2ae7,evt_mem_evt_20230930_sign_mychal_mulder_2023_09_30_c_c9fdb4d9d1,evt_mem_evt_20231016_waive_mychal_mulder_2023_10_16__d5ed685a29,ast_mem_player_mychal_mulder_2a8b30e1bd,player_mychal_mulder,full_roster,player_contract,2023-09-30,2023-10-16,false,Mychal Mulder,,,contract_signing,,,,,,,,"[""2023-09-30|contract_signing|acquire""]"
edg_ast_mem_player_nemanja_dangubic_10fb99253a_evt_m_3ab2e339e6,evt_mem_evt_20240719_trade_ziaire_2024_07_19_trade_fa0304be75,state_end_mem_20260226,ast_mem_player_nemanja_dangubic_10fb99253a,player_nemanja_dangubic,full_roster,draft_rights,2024-07-19,,true,Nemanja Dangubic,,,trade,,,,,,,,"[""2024-07-19|trade|acquire""]"
edg_ast_mem_player_olivier_maxence_prosper_ca5a5d59d_e8f20bf3ea,evt_mem_evt_20250904_sign_olivier_two_way_2025_09_04_fa83146984,state_end_mem_20260226,ast_mem_player_olivier_maxence_prosper_ca5a5d59d4,player_olivier_maxence_prosper,two_way,two_way_contract,2025-09-04,,true,Olivier-Maxence Prosper,,,two_way_signing,,,,,,,,"[""2025-09-04|contract_signing|acquire""]"
edg_ast_mem_player_pj_hall_8b7ea04222_evt_mem_evt_20_3cb72b1967,evt_mem_evt_20250720_sign_pj_hall_two_way_2025_07_20_5637eda093,evt_mem_evt_20251116_end_pj_hall_2025_11_16_conversi_06d3d87692,ast_mem_player_pj_hall_8b7ea04222,player_pj_hall,two_way,two_way_contract,2025-07-20,2025-11-16,false,PJ Hall,,,two_way_signing,,,,,,,,"[""2025-07-20|contract_signing|acquire""]"
edg_ast_mem_player_rayan_rupert_b6fd5979b8_evt_mem_e_0873ec8161,evt_mem_evt_20260222_sign_rayan_rupert_2026_02_22_co_fec0b73378,state_end_mem_20260226,ast_mem_player_rayan_rupert_b6fd5979b8,player_rayan_rupert,full_roster,player_contract,2026-02-22,,true,Rayan Rupert,,,contract_signing,,,,,,,,"[""2026-02-22|contract_signing|acquire""]"
edg_ast_mem_player_romeo_weems_9091291fdd_evt_mem_ev_1aaf81fb9d,evt_mem_evt_20221013_sign_weems_2022_10_13_contract__12eeb647b1,evt_mem_evt_20221014_waive_weems_2022_10_14_waiver_c185664821,ast_mem_player_romeo_weems_9091291fdd,player_romeo_weems,full_roster,player_contract,2022-10-13,2022-10-14,false,Romeo Weems,,,camp_signing,,,,,,,,"[""2022-10-13|contract_signing|acquire""]"
edg_ast_mem_player_santi_aldama_b3a21c91fd_state_sta_3f56ba8d48,state_start_mem_20220514,evt_mem_evt_20250715_re_sign_santi_2025_07_15_re_sig_32c15973af,ast_mem_player_santi_aldama_b3a21c91fd,player_santi_aldama,full_roster,player_contract,2022-05-14,2025-07-15,false,Santi Aldama,2025,2.0,carryover_2021_22,,,,,,,,"[""2022-05-14|initial_state|held""]"
edg_ast_mem_player_santi_aldama_b3a21c91fd_evt_mem_e_00f87d9c5f,evt_mem_evt_20250715_re_sign_santi_2025_07_15_re_sig_32c15973af,state_end_mem_20260226,ast_mem_player_santi_aldama_b3a21c91fd,player_santi_aldama,full_roster,player_contract,2025-07-15,,true,Santi Aldama,2025,17.5,re_signing,,,,,,,,"[""2022-05-14|initial_state|held"", ""2025-07-15|re_signing|modify""]"
edg_ast_mem_player_scotty_pippen_jr_6dee5c5db8_evt_m_f79124f0c4,evt_mem_evt_20240116_sign_scotty_two_way_2024_01_16__c4d8a267d5,evt_mem_evt_20241015_conv_scotty_2024_10_15_conversi_cdf0356efc,ast_mem_player_scotty_pippen_jr_6dee5c5db8,player_scotty_pippen_jr,two_way,two_way_contract,2024-01-16,2024-10-15,false,Scotty Pippen Jr.,,,two_way_signing,,,,,,,,"[""2024-01-16|contract_signing|acquire""]"
edg_ast_mem_player_scotty_pippen_jr_6dee5c5db8_evt_m_6552b3b641,evt_mem_evt_20241015_conv_scotty_2024_10_15_conversi_cdf0356efc,state_end_mem_20260226,ast_mem_player_scotty_pippen_jr_6dee5c5db8,player_scotty_pippen_jr,full_roster,player_contract,2024-10-15,,true,Scotty Pippen Jr.,,,conversion,,,,,,,,"[""2024-01-16|contract_signing|acquire"", ""2024-10-15|conversion|modify""]"
edg_ast_mem_player_sean_mcdermott_768d2b8dc2_evt_mem_6db618adfa,evt_mem_evt_20221010_sign_mcdermott_2022_10_10_contr_5f4c8e092c,evt_mem_evt_20221013_waive_mcdermott_2022_10_13_waiv_e1ce0b896a,ast_mem_player_sean_mcdermott_768d2b8dc2,player_sean_mcdermott,full_roster,player_contract,2022-10-10,2022-10-13,false,Sean McDermott,,,camp_signing,,,,,,,,"[""2022-10-10|contract_signing|acquire""]"
edg_ast_mem_player_shaquille_harrison_70e3ee1de4_evt_cccd53d7bc,evt_mem_evt_20230831_sign_shaq_harrison_2023_08_31_c_51fa695db7,state_end_mem_20260226,ast_mem_player_shaquille_harrison_70e3ee1de4,player_shaquille_harrison,full_roster,player_contract,2023-08-31,,true,Shaquille Harrison,,,contract_signing,,,,,,,,"[""2023-08-31|contract_signing|acquire""]"
edg_ast_mem_player_steven_adams_ab4485159b_state_sta_0d8b43b23c,state_start_mem_20220514,evt_mem_evt_20221001_ext_adams_2022_10_01_extension_4205fa577f,ast_mem_player_steven_adams_ab4485159b,player_steven_adams,full_roster,player_contract,2022-05-14,2022-10-01,false,Steven Adams,2023,17.9,carryover_2021_22,,,,,,,,"[""2022-05-14|initial_state|held""]"
edg_ast_mem_player_steven_adams_ab4485159b_evt_mem_e_77ef6aa76b,evt_mem_evt_20221001_ext_adams_2022_10_01_extension_4205fa577f,evt_mem_evt_20240201_trade_adams_2024_02_01_trade_96294bd6ef,ast_mem_player_steven_adams_ab4485159b,player_steven_adams,full_roster,player_contract,2022-10-01,2024-02-01,false,Steven Adams,2025,12.6,veteran_extension,,,,,,,,"[""2022-05-14|initial_state|held"", ""2022-10-01|extension|modify""]"
edg_ast_mem_player_tarik_biberovic_3e65e59094_evt_me_57fdbd6f08,evt_mem_evt_20230622_draft_tarik_2023_06_22_draft_pi_4bb9c1cf6a,state_end_mem_20260226,ast_mem_player_tarik_biberovic_3e65e59094,player_tarik_biberovic,full_roster,draft_rights,2023-06-22,,true,Tarik Biberovic,,,draft_pick,,,,,,,,"[""2023-06-22|draft_pick|acquire""]"
edg_ast_mem_player_taylor_hendricks_c280d427db_evt_m_40a2a2e7a6,evt_mem_evt_20260203_trade_jjj_2026_02_03_trade_db62e31a6e,state_end_mem_20260226,ast_mem_player_taylor_hendricks_c280d427db,player_taylor_hendricks,full_roster,player_contract,2026-02-03,,true,Taylor Hendricks,,,trade,,,,,,,,"[""2026-02-03|trade|acquire""]"
edg_ast_mem_player_tosan_evbuomwan_b5b85d8d1c_evt_me_bce8d6f6b2,evt_mem_evt_20240130_sign_tosan_evbuomwan_2024_01_30_ed3f493491,state_end_mem_20260226,ast_mem_player_tosan_evbuomwan_b5b85d8d1c,player_tosan_evbuomwan,full_roster,player_contract,2024-01-30,,true,Tosan Evbuomwan,,,contract_signing,,,,,,,,"[""2024-01-30|contract_signing|acquire""]"
edg_ast_mem_player_trey_jemison_3741b6bdcc_evt_mem_e_93e75b2e32,evt_mem_evt_20240130_sign_trey_jemison_2024_01_30_co_e71f70d7f5,evt_mem_evt_20240209_sign_jemison_two_way_2024_02_09_91c77f2df8,ast_mem_player_trey_jemison_3741b6bdcc,player_trey_jemison,full_roster,player_contract,2024-01-30,2024-02-09,false,Trey Jemison,,,contract_signing,,,,,,,,"[""2024-01-30|contract_signing|acquire""]"
edg_ast_mem_player_trey_jemison_3741b6bdcc_evt_mem_e_8f441ae253,evt_mem_evt_20240209_sign_jemison_two_way_2024_02_09_91c77f2df8,evt_mem_evt_20240209_sign_trey_jemison_update_2024_0_150a18e22f,ast_mem_player_trey_jemison_3741b6bdcc,player_trey_jemison,full_roster,player_contract,2024-02-09,2024-02-09,false,Trey Jemison,,,contract_signing,,,,,,,,"[""2024-01-30|contract_signing|acquire"", ""2024-02-09|contract_signing|modify""]"
edg_ast_mem_player_trey_jemison_3741b6bdcc_evt_mem_e_c0db4c3761,evt_mem_evt_20240209_sign_trey_jemison_update_2024_0_150a18e22f,evt_mem_evt_20240724_end_trey_jemison_two_way_2024_0_2f7544262f,ast_mem_player_trey_jemison_3741b6bdcc,player_trey_jemison,full_roster,player_contract,2024-02-09,2024-07-24,false,Trey Jemison,,,contract_signing,,,,,,,,"[""2024-01-30|contract_signing|acquire"", ""2024-02-09|contract_signing|modify"", ""2024-02-09|contract_signing|modify""]"
edg_ast_mem_player_ty_jerome_3b3fe31166_evt_mem_evt__346e61b261,evt_mem_evt_20250714_sign_ty_jerome_2025_07_14_contr_e6ea48ce03,state_end_mem_20260226,ast_mem_player_ty_jerome_3b3fe31166,player_ty_jerome,full_roster,player_contract,2025-07-14,,true,Ty Jerome,,,contract_signing,,,,,,,,"[""2025-07-14|contract_signing|acquire""]"
edg_ast_mem_player_tyrell_terry_5775e97e56_state_sta_be194a3edf,state_start_mem_20220514,evt_mem_evt_20220702_end_terry_two_way_2022_07_02_co_52f87d8d1a,ast_mem_player_tyrell_terry_5775e97e56,player_tyrell_terry,two_way,player_contract,2022-05-14,2022-07-02,false,Tyrell Terry,2022,,carryover_2021_22,,,,,,,,"[""2022-05-14|initial_state|held""]"
edg_ast_mem_player_tyus_jones_d162fd9352_state_start_2200af461f,state_start_mem_20220514,evt_mem_evt_20220706_re_sign_tyus_2022_07_06_re_sign_78ff4826eb,ast_mem_player_tyus_jones_d162fd9352,player_tyus_jones,full_roster,player_contract,2022-05-14,2022-07-06,false,Tyus Jones,2023,8.37,carryover_2021_22,,,,,,,,"[""2022-05-14|initial_state|held""]"
edg_ast_mem_player_tyus_jones_d162fd9352_evt_mem_evt_2beb98c5b3,evt_mem_evt_20220706_re_sign_tyus_2022_07_06_re_sign_78ff4826eb,evt_mem_evt_20230623_trade_smart_2023_06_23_trade_382f758ca0,ast_mem_player_tyus_jones_d162fd9352,player_tyus_jones,full_roster,player_contract,2022-07-06,2023-06-23,false,Tyus Jones,2024,15.0,re_signing,,,,,,,,"[""2022-05-14|initial_state|held"", ""2022-07-06|re_signing|modify""]"
edg_ast_mem_player_ulrich_chomche_d3e56efbd5_evt_mem_09043600ab,evt_mem_evt_20240627_draft_chomche_2024_06_27_draft__fa686be565,evt_mem_evt_20240706_trade_cam_spencer_2024_07_06_tr_bdb3fc634d,ast_mem_player_ulrich_chomche_d3e56efbd5,player_ulrich_chomche,full_roster,draft_rights,2024-06-27,2024-07-06,false,Ulrich Chomche,,,draft_pick,,,,,,,,"[""2024-06-27|draft_pick|acquire""]"
edg_ast_mem_player_vanja_marinkovic_ed09cb732a_evt_m_335b4dfd9d,evt_mem_evt_20230708_trade_brooks_2023_07_08_trade_16af7da464,state_end_mem_20260226,ast_mem_player_vanja_marinkovic_ed09cb732a,player_vanja_marinkovic,full_roster,draft_rights,2023-07-08,,true,Vanja Marinkovic,,,trade,,,,,,,,"[""2023-07-08|trade|acquire""]"
edg_ast_mem_player_victor_oladipo_558a3a1190_evt_mem_05ac29040a,evt_mem_evt_20240201_trade_adams_2024_02_01_trade_96294bd6ef,evt_mem_evt_20240208_waive_oladipo_2024_02_08_waiver_488d2e7fa6,ast_mem_player_victor_oladipo_558a3a1190,player_victor_oladipo,full_roster,player_contract,2024-02-01,2024-02-08,false,Victor Oladipo,,,trade,,,,,,,,"[""2024-02-01|trade|acquire""]"
edg_ast_mem_player_vince_williams_jr_904db7a1ac_evt__0aced7eacc,evt_mem_evt_20220702_sign_vince_two_way_2022_07_02_c_bb7429b4ec,evt_mem_evt_20240110_conv_vince_2024_01_10_conversio_422b7149fc,ast_mem_player_vince_williams_jr_904db7a1ac,player_vince_williams_jr,two_way,two_way_contract,2022-07-02,2024-01-10,false,Vince Williams Jr.,,,two_way_signing,,,,,,,,"[""2022-07-02|contract_signing|acquire""]"
edg_ast_mem_player_vince_williams_jr_904db7a1ac_evt__5eec247385,evt_mem_evt_20240110_conv_vince_2024_01_10_conversio_422b7149fc,evt_mem_evt_20260203_trade_jjj_2026_02_03_trade_db62e31a6e,ast_mem_player_vince_williams_jr_904db7a1ac,player_vince_williams_jr,full_roster,player_contract,2024-01-10,2026-02-03,false,Vince Williams Jr.,,,conversion,,,,,,,,"[""2022-07-02|contract_signing|acquire"", ""2024-01-10|conversion|modify""]"
edg_ast_mem_player_walter_clayton_jr_ee10508d71_evt__768d117134,evt_mem_evt_20260203_trade_jjj_2026_02_03_trade_db62e31a6e,state_end_mem_20260226,ast_mem_player_walter_clayton_jr_ee10508d71,player_walter_clayton_jr,full_roster,player_contract,2026-02-03,,true,Walter Clayton Jr.,,,trade,,,,,,,,"[""2026-02-03|trade|acquire""]"
edg_ast_mem_player_wenyen_gabriel_f105ab2923_evt_mem_198b4a8e6a,evt_mem_evt_20240308_sign_wenyen_gabriel_2024_03_08__6473f1cba6,state_end_mem_20260226,ast_mem_player_wenyen_gabriel_f105ab2923,player_wenyen_gabriel,full_roster,player_contract,2024-03-08,,true,Wenyen Gabriel,,,contract_signing,,,,,,,,"[""2024-03-08|contract_signing|acquire""]"
edg_ast_mem_player_will_richard_39ba93f6b3_evt_mem_e_28f9b40a73,evt_mem_evt_20250626_draft_will_richard_2025_06_26_d_a840549dd2,evt_mem_evt_20250706_trade_will_for_jessup_2025_07_0_4805811c2b,ast_mem_player_will_richard_39ba93f6b3,player_will_richard,full_roster,draft_rights,2025-06-26,2025-07-06,false,Will Richard,,,draft_pick,,,,,,,,"[""2025-06-26|draft_pick|acquire""]"
edg_ast_mem_player_xavier_tillman_062056db33_state_s_7a39af8c7a,state_start_mem_20220514,evt_mem_evt_20240207_trade_tillman_2024_02_07_trade_939df12fd4,ast_mem_player_xavier_tillman_062056db33,player_xavier_tillman,full_roster,player_contract,2022-05-14,2024-02-07,false,Xavier Tillman,2024,1.78,carryover_2021_22,,,,,,,,"[""2022-05-14|initial_state|held""]"
edg_ast_mem_player_yang_hansen_98f5eafe83_state_star_9a270c9ee7,state_start_mem_20220514,evt_mem_evt_20250625_trade_up_cedric_2025_06_25_trad_8d1c8e0f53,ast_mem_player_yang_hansen_98f5eafe83,player_yang_hansen,full_roster,draft_rights,2022-05-14,2025-06-25,false,Yang Hansen,,,,,,,,,,,"[""2022-05-14|bootstrap_from_event|held""]"
edg_ast_mem_player_yuki_kawamura_ccc927820b_evt_mem__652e7ae552,evt_mem_evt_20240906_sign_yuki_2024_09_06_contract_s_ce20f72604,evt_mem_evt_20241019_conv_yuki_two_way_2024_10_19_co_9f01a9617b,ast_mem_player_yuki_kawamura_ccc927820b,player_yuki_kawamura,full_roster,player_contract,2024-09-06,2024-10-19,false,Yuki Kawamura,,,contract_signing,,,,,,,,"[""2024-09-06|contract_signing|acquire""]"
edg_ast_mem_player_yuki_kawamura_ccc927820b_evt_mem__7af5ba65f8,evt_mem_evt_20241019_conv_yuki_two_way_2024_10_19_co_9f01a9617b,state_end_mem_20260226,ast_mem_player_yuki_kawamura_ccc927820b,player_yuki_kawamura,two_way,two_way_contract,2024-10-19,,true,Yuki Kawamura,,,conversion,,,,,,,,"[""2024-09-06|contract_signing|acquire"", ""2024-10-19|conversion|modify""]"
edg_ast_mem_player_yves_pons_cb5bec6f38_state_start__f45d4d2c07,state_start_mem_20220514,state_end_mem_20260226,ast_mem_player_yves_pons_cb5bec6f38,player_yves_pons,two_way,player_contract,2022-05-14,,true,Yves Pons,2022,,carryover_2021_22,,,,,,,,"[""2022-05-14|initial_state|held""]"
edg_ast_mem_player_zach_edey_eb47a26f7c_evt_mem_evt__a5fe22c9ca,evt_mem_evt_20240626_draft_edey_2024_06_26_draft_pic_5c4c0d649d,evt_mem_evt_20240706_sign_zach_edey_2024_07_06_contr_2bc4a9afec,ast_mem_player_zach_edey_eb47a26f7c,player_zach_edey,full_roster,draft_pick,2024-06-26,2024-07-06,false,Zach Edey,,,draft_pick,,,,,,,,"[""2024-06-26|draft_pick|acquire""]"
edg_ast_mem_player_zach_edey_eb47a26f7c_evt_mem_evt__32c3318285,evt_mem_evt_20240706_sign_zach_edey_2024_07_06_contr_2bc4a9afec,state_end_mem_20260226,ast_mem_player_zach_edey_eb47a26f7c,player_zach_edey,full_roster,player_contract,2024-07-06,,true,Zach Edey,,,rookie_scale_signing,,,,,,,,"[""2024-06-26|draft_pick|acquire"", ""2024-07-06|contract_signing|modify""]"
edg_ast_mem_player_zavier_simpson_8b1c92b9b7_evt_mem_7fe1f95a13,evt_mem_evt_20240330_sign_zavier_simpson_2024_03_30__c446ac980c,evt_mem_evt_20240409_sign_zavier_simpson_again_2024__a7cc2fbaac,ast_mem_player_zavier_simpson_8b1c92b9b7,player_zavier_simpson,full_roster,player_contract,2024-03-30,2024-04-09,false,Zavier Simpson,,,contract_signing,,,,,,,,"[""2024-03-30|contract_signing|acquire""]"
edg_ast_mem_player_zavier_simpson_8b1c92b9b7_evt_mem_903d726c92,evt_mem_evt_20240409_sign_zavier_simpson_again_2024__a7cc2fbaac,state_end_mem_20260226,ast_mem_player_zavier_simpson_8b1c92b9b7,player_zavier_simpson,full_roster,player_contract,2024-04-09,,true,Zavier Simpson,,,contract_signing,,,,,,,,"[""2024-03-30|contract_signing|acquire"", ""2024-04-09|contract_signing|modify""]"
edg_ast_mem_player_ziaire_williams_e48711763e_state__3f1d2d4d8a,state_start_mem_20220514,evt_mem_evt_20240719_trade_ziaire_2024_07_19_trade_fa0304be75,ast_mem_player_ziaire_williams_e48711763e,player_ziaire_williams,full_roster,player_contract,2022-05-14,2024-07-19,false,Ziaire Williams,2025,4.81,carryover_2021_22,,,,,,,,"[""2022-05-14|initial_state|held""]"
edg_ast_mem_player_zyon_pullin_6a3c571ae9_evt_mem_ev_75ffa214e2,evt_mem_evt_20250110_sign_zyon_two_way_2025_01_10_co_a1e58ac2b2,evt_mem_evt_20250720_end_zyon_2025_07_20_conversion_6130be02e1,ast_mem_player_zyon_pullin_6a3c571ae9,player_zyon_pullin,two_way,two_way_contract,2025-01-10,2025-07-20,false,Zyon Pullin,,,two_way_signing,,,,,,,,"[""2025-01-10|contract_signing|acquire""]"
